gplink-2.2.37 (Jan 22 2024)
Listing File Generated: 2026-5-9  10:50:44
 
 
Address  Value    Disassembly              Source
-------  -----    -----------              ------
                                           ;--------------------------------------------------------
                                           ; external declarations
                                           ;--------------------------------------------------------
                                           	extern	_LVD_Init
                                           	extern	_led1_on
                                           	extern	_led2_on
                                           	extern	_led3_on
                                           	extern	_timer0_init
                                           	extern	_timer1_init
                                           	extern	_INDFbits
                                           	extern	_T0CNTbits
                                           	extern	_PCLbits
                                           	extern	_STATUSbits
                                           	extern	_FSRbits
                                           	extern	_P1bits
                                           	extern	_MCRbits
                                           	extern	_P1KBCRbits
                                           	extern	_PCLATHbits
                                           	extern	_PDCONbits
                                           	extern	_ODCONbits
                                           	extern	_PUCONbits
                                           	extern	_INTEbits
                                           	extern	_INTFbits
                                           	extern	_T0CRbits
                                           	extern	_DDR1bits
                                           	extern	_TMRCRbits
                                           	extern	_T1CRbits
                                           	extern	_T1CNTbits
                                           	extern	_T1LOADbits
                                           	extern	_T1DATAbits
                                           	extern	_INDF
                                           	extern	_T0CNT
                                           	extern	_PCL
                                           	extern	_STATUS
                                           	extern	_FSR
                                           	extern	_P1
                                           	extern	_MCR
                                           	extern	_P1KBCR
                                           	extern	_PCLATH
                                           	extern	_PDCON
                                           	extern	_ODCON
                                           	extern	_PUCON
                                           	extern	_INTE
                                           	extern	_INTF
                                           	extern	_T0CR
                                           	extern	_DDR1
                                           	extern	_TMRCR
                                           	extern	_T1CR
                                           	extern	_T1CNT
                                           	extern	_T1LOAD
                                           	extern	_T1DATA
                                           ;--------------------------------------------------------
                                           ; global declarations
                                           ;--------------------------------------------------------
                                           	global	_led_refresh
                                           	global	_led_status_handle
                                           	global	_key_scan
                                           	global	_led4_on
                                           	global	_led_all_off
                                           	global	_user_init
                                           	global	_Sys_Init
                                           	global	_lvd_scan
                                           	global	_IO_Init
                                           	global	_C_RAM
                                           	global	_delay_ms
                                           	global	_pen_pwr_on
                                           	global	_pen_pwr_off
                                           	global	_main
                                           	global	_int_isr
                                           	global	_abuf
                                           	global	_statusbuf
                                           	global	_flag1
                                           	global	_flag2
                                           	global	_cur_cmp_bat_lev
                                           	global	_tmp_bat_lev
                                           	global	_bat_lev
                                           	global	_pwr_off_cnt
                                           	global	_into_low_power_cnt
                                           	global	_charge_anim_phase
                                           	global	_charge_fully_cnt
                                           	global	_led_sta_reflash_cnt
                                           	global	_cur_key_id
                                           
                                           	global STK06
                                           	global STK05
                                           	global STK04
                                           	global STK03
                                           	global STK02
                                           	global STK01
                                           	global STK00
                                           
                                           sharebank udata_ovr 0x0010
                                           STK06	res 1
                                           STK05	res 1
                                           STK04	res 1
                                           STK03	res 1
                                           STK02	res 1
                                           STK01	res 1
                                           STK00	res 1
                                           
                                           ;--------------------------------------------------------
                                           ; global definitions
                                           ;--------------------------------------------------------
                                           UD_MC30P6280_0	udata
                                           _abuf	res	1
                                           
                                           UD_MC30P6280_1	udata
                                           _statusbuf	res	1
                                           
                                           UD_MC30P6280_2	udata
                                           _flag1	res	1
                                           
                                           UD_MC30P6280_3	udata
                                           _flag2	res	1
                                           
                                           ;--------------------------------------------------------
                                           ; absolute symbol definitions
                                           ;--------------------------------------------------------
                                           ;--------------------------------------------------------
                                           ; compiler-defined variables
                                           ;--------------------------------------------------------
                                           UDL_MC30P6280_0	udata
                                           r0x1023	res	1
                                           r0x101C	res	1
                                           r0x101B	res	1
                                           r0x101A	res	1
                                           r0x1019	res	1
                                           r0x101D	res	1
                                           r0x101E	res	1
                                           r0x101F	res	1
                                           r0x1020	res	1
                                           r0x1022	res	1
                                           r0x1021	res	1
                                           _int_isr_cnt_196608_97	res	1
                                           _int_isr_discharge_cnt_327680_103	res	1
                                           _int_isr_charge_cnt_327680_103	res	1
                                           ;--------------------------------------------------------
                                           ; initialized data
                                           ;--------------------------------------------------------
                                           
                                           ID_MC30P6280_0	idata
                                           _cur_cmp_bat_lev
                                           	db	0x00
                                           
                                           
                                           ID_MC30P6280_1	idata
                                           _tmp_bat_lev
                                           	db	0x00
                                           
                                           
                                           ID_MC30P6280_2	idata
                                           _bat_lev
                                           	db	0x00
                                           
                                           
                                           ID_MC30P6280_3	idata
                                           _pwr_off_cnt
                                           	db	0x00, 0x00, 0x00, 0x00
                                           
                                           
                                           ID_MC30P6280_4	idata
                                           _into_low_power_cnt
                                           	db	0x00
                                           
                                           
                                           ID_MC30P6280_5	idata
                                           _charge_anim_phase
                                           	db	0x00
                                           
                                           
                                           ID_MC30P6280_6	idata
                                           _charge_fully_cnt
                                           	db	0x00, 0x00
                                           
                                           
                                           ID_MC30P6280_7	idata
                                           _led_sta_reflash_cnt
                                           	db	0x00
                                           
                                           
                                           ID_MC30P6280_8	idata
                                           _cur_lvd_state
                                           	db	0x00
                                           
                                           
                                           ID_MC30P6280_9	idata
                                           _last_key_id
                                           	db	0x00
                                           
                                           
                                           ID_MC30P6280_10	idata
                                           _press_cnt
                                           	db	0x00
                                           
                                           
                                           ID_MC30P6280_11	idata
                                           _filter_cnt
                                           	db	0x00
                                           
                                           
                                           ID_MC30P6280_12	idata
                                           _filter_key_id
                                           	db	0x00
                                           
                                           
                                           ID_MC30P6280_13	idata
                                           _click_delay_cnt
                                           	db	0x00
                                           
                                           
                                           ID_MC30P6280_14	idata
                                           _click_cnt
                                           	db	0x00
                                           
                                           
                                           ID_MC30P6280_15	idata
                                           _cur_key_id
                                           	db	0x00
                                           
                                           
                                           ;@Allocation info for local variables in function 'C_RAM'
                                           ;@C_RAM IO_Init                   Allocated to registers ;size:2
                                           ;@C_RAM LVD_Init                  Allocated to registers ;size:2
                                           ;@C_RAM Sys_Init                  Allocated to registers ;size:2
                                           ;@C_RAM user_init                 Allocated to registers ;size:2
                                           ;@C_RAM led_all_off               Allocated to registers ;size:2
                                           ;@C_RAM led1_on                   Allocated to registers ;size:2
                                           ;@C_RAM led2_on                   Allocated to registers ;size:2
                                           ;@C_RAM led3_on                   Allocated to registers ;size:2
                                           ;@C_RAM led4_on                   Allocated to registers ;size:2
                                           ;@C_RAM led_status_handle         Allocated to registers ;size:2
                                           ;@C_RAM led_refresh               Allocated to registers ;size:2
                                           ;@C_RAM key_scan                  Allocated to registers ;size:2
                                           ;@C_RAM lvd_scan                  Allocated to registers ;size:2
                                           ;@C_RAM timer0_init               Allocated to registers ;size:2
                                           ;@C_RAM timer1_init               Allocated to registers ;size:2
                                           ;@C_RAM INDFbits                  Allocated to registers ;size:1
                                           ;@C_RAM T0CNTbits                 Allocated to registers ;size:1
                                           ;@C_RAM PCLbits                   Allocated to registers ;size:1
                                           ;@C_RAM STATUSbits                Allocated to registers ;size:1
                                           ;@C_RAM FSRbits                   Allocated to registers ;size:1
                                           ;@C_RAM P1bits                    Allocated to registers ;size:1
                                           ;@C_RAM MCRbits                   Allocated to registers ;size:1
                                           ;@C_RAM P1KBCRbits                Allocated to registers ;size:1
                                           ;@C_RAM PCLATHbits                Allocated to registers ;size:1
                                           ;@C_RAM PDCONbits                 Allocated to registers ;size:1
                                           ;@C_RAM ODCONbits                 Allocated to registers ;size:1
                                           ;@C_RAM PUCONbits                 Allocated to registers ;size:1
                                           ;@C_RAM INTEbits                  Allocated to registers ;size:1
                                           ;@C_RAM INTFbits                  Allocated to registers ;size:1
                                           ;@C_RAM T0CRbits                  Allocated to registers ;size:1
                                           ;@C_RAM DDR1bits                  Allocated to registers ;size:1
                                           ;@C_RAM TMRCRbits                 Allocated to registers ;size:1
                                           ;@C_RAM T1CRbits                  Allocated to registers ;size:1
                                           ;@C_RAM T1CNTbits                 Allocated to registers ;size:1
                                           ;@C_RAM T1LOADbits                Allocated to registers ;size:1
                                           ;@C_RAM T1DATAbits                Allocated to registers ;size:1
                                           ;@C_RAM abuf                      Allocated to registers ;size:1
                                           ;@C_RAM statusbuf                 Allocated to registers ;size:1
                                           ;@C_RAM flag1                     Allocated to registers ;size:1
                                           ;@C_RAM flag2                     Allocated to registers ;size:1
                                           ;@C_RAM cur_cmp_bat_lev           Allocated to registers ;size:1
                                           ;@C_RAM tmp_bat_lev               Allocated to registers ;size:1
                                           ;@C_RAM bat_lev                   Allocated to registers ;size:1
                                           ;@C_RAM pwr_off_cnt               Allocated to registers ;size:4
                                           ;@C_RAM into_low_power_cnt        Allocated to registers ;size:1
                                           ;@C_RAM charge_anim_phase         Allocated to registers ;size:1
                                           ;@C_RAM charge_fully_cnt          Allocated to registers ;size:2
                                           ;@C_RAM led_sta_reflash_cnt       Allocated to registers ;size:1
                                           ;@C_RAM cur_lvd_state             Allocated to registers ;size:1
                                           ;@C_RAM last_key_id               Allocated to registers ;size:1
                                           ;@C_RAM press_cnt                 Allocated to registers ;size:1
                                           ;@C_RAM filter_cnt                Allocated to registers ;size:1
                                           ;@C_RAM filter_key_id             Allocated to registers ;size:1
                                           ;@C_RAM click_delay_cnt           Allocated to registers ;size:1
                                           ;@C_RAM click_cnt                 Allocated to registers ;size:1
                                           ;@C_RAM cur_key_id                Allocated to registers ;size:1
                                           ;@C_RAM INDF                      Allocated to registers ;size:1
                                           ;@C_RAM T0CNT                     Allocated to registers ;size:1
                                           ;@C_RAM PCL                       Allocated to registers ;size:1
                                           ;@C_RAM STATUS                    Allocated to registers ;size:1
                                           ;@C_RAM FSR                       Allocated to registers ;size:1
                                           ;@C_RAM P1                        Allocated to registers ;size:1
                                           ;@C_RAM MCR                       Allocated to registers ;size:1
                                           ;@C_RAM P1KBCR                    Allocated to registers ;size:1
                                           ;@C_RAM PCLATH                    Allocated to registers ;size:1
                                           ;@C_RAM PDCON                     Allocated to registers ;size:1
                                           ;@C_RAM ODCON                     Allocated to registers ;size:1
                                           ;@C_RAM PUCON                     Allocated to registers ;size:1
                                           ;@C_RAM INTE                      Allocated to registers ;size:1
                                           ;@C_RAM INTF                      Allocated to registers ;size:1
                                           ;@C_RAM T0CR                      Allocated to registers ;size:1
                                           ;@C_RAM DDR1                      Allocated to registers ;size:1
                                           ;@C_RAM TMRCR                     Allocated to registers ;size:1
                                           ;@C_RAM T1CR                      Allocated to registers ;size:1
                                           ;@C_RAM T1CNT                     Allocated to registers ;size:1
                                           ;@C_RAM T1LOAD                    Allocated to registers ;size:1
                                           ;@C_RAM T1DATA                    Allocated to registers ;size:1
                                           ;@end Allocation info for local variables in function 'C_RAM';
                                           ;@Allocation info for local variables in function 'IO_Init'
                                           ;@end Allocation info for local variables in function 'IO_Init';
                                           ;@Allocation info for local variables in function 'lvd_scan'
                                           ;@end Allocation info for local variables in function 'lvd_scan';
                                           ;@Allocation info for local variables in function 'Sys_Init'
                                           ;@end Allocation info for local variables in function 'Sys_Init';
                                           ;@Allocation info for local variables in function 'delay_ms'
                                           ;@delay_ms xms                       Allocated to registers ;size:4
                                           ;@delay_ms i                         Allocated to registers r0x101D r0x101E ;size:2
                                           ;@end Allocation info for local variables in function 'delay_ms';
                                           ;@Allocation info for local variables in function 'user_init'
                                           ;@end Allocation info for local variables in function 'user_init';
                                           ;@Allocation info for local variables in function 'pen_pwr_on'
                                           ;@end Allocation info for local variables in function 'pen_pwr_on';
                                           ;@Allocation info for local variables in function 'pen_pwr_off'
                                           ;@end Allocation info for local variables in function 'pen_pwr_off';
                                           ;@Allocation info for local variables in function 'led_all_off'
                                           ;@end Allocation info for local variables in function 'led_all_off';
                                           ;@Allocation info for local variables in function 'led4_on'
                                           ;@end Allocation info for local variables in function 'led4_on';
                                           ;@Allocation info for local variables in function 'key_scan'
                                           ;@end Allocation info for local variables in function 'key_scan';
                                           ;@Allocation info for local variables in function 'led_status_handle'
                                           ;@end Allocation info for local variables in function 'led_status_handle';
                                           ;@Allocation info for local variables in function 'led_refresh'
                                           ;@end Allocation info for local variables in function 'led_refresh';
                                           ;@Allocation info for local variables in function 'main'
                                           ;@end Allocation info for local variables in function 'main';
                                           ;@Allocation info for local variables in function 'int_isr'
                                           ;@int_isr cnt                       Allocated to registers ;size:1
                                           ;@int_isr charge_cnt                Allocated to registers ;size:1
                                           ;@int_isr discharge_cnt             Allocated to registers ;size:1
                                           ;@end Allocation info for local variables in function 'int_isr';
                                           ;@Allocation info for local variables in function 'int_isr'
                                           ;@int_isr cnt                       Allocated to registers ;size:1
                                           ;@int_isr charge_cnt                Allocated to registers ;size:1
                                           ;@int_isr discharge_cnt             Allocated to registers ;size:1
                                           ;@end Allocation info for local variables in function 'int_isr';
                                           
                                           ;--------------------------------------------------------
                                           ; overlayable items in internal ram 
                                           ;--------------------------------------------------------
                                           ;	udata_ovr
                                           ;--------------------------------------------------------
                                           ; reset vector 
                                           ;--------------------------------------------------------
                                           STARTUP	code 0x0000
000000   2888     goto    0x88             	goto	_main
                                           ;--------------------------------------------------------
                                           ; interrupt and initialization code
                                           ;--------------------------------------------------------
                                           c_interrupt	code	0x8
                                           __sdcc_interrupt
                                           ;***
                                           ;  pBlock Stats: dbName = I
                                           ;***
                                           ;entry:  _int_isr	;Function start
                                           ; 0 exit points
                                           ;functions called:
                                           ;   _key_scan
                                           ;   _led_status_handle
                                           ;   _pen_pwr_off
                                           ;   _led_all_off
                                           ;   _pen_pwr_off
                                           ;   _lvd_scan
                                           ;   _led_refresh
                                           ;   _key_scan
                                           ;   _led_status_handle
                                           ;   _pen_pwr_off
                                           ;   _led_all_off
                                           ;   _pen_pwr_off
                                           ;   _lvd_scan
                                           ;   _led_refresh
                                           ;; Starting pCode block
                                           _int_isr	;Function start
                                           ; 0 exit points
                                           ;	.line	654; "MC30P6280.c"	__endasm;
                                           	;
000008   15ab     movra   0x2b             	movra	_abuf;
000009   1103     swapar  0x3              	swapar	_STATUS;
00000a   15ac     movra   0x2c             	movra	_statusbuf;
                                           	
                                           ;	.line	656; "MC30P6280.c"	if ((T0IF) && (T0IE)) {
00000b   300f     jbset   0xf, 0           	JBSET	_INTFbits,0
00000c   287d     goto    0x7d             	GOTO	_00489_DS_
00000d   300e     jbset   0xe, 0           	JBSET	_INTEbits,0
00000e   287d     goto    0x7d             	GOTO	_00489_DS_
                                           ;	.line	657; "MC30P6280.c"	T0IF = 0;
00000f   3c0f     bclr    0xf, 0           	BCLR	_INTFbits,0
                                           ;	.line	658; "MC30P6280.c"	T0CNT = (u8)(255 - 125); // T0 目前1ms产生一次中断
000010   0b82     movai   0x82             	MOVAI	0x82
000011   1581     movra   0x1              	MOVRA	_T0CNT
                                           ;	.line	662; "MC30P6280.c"	cnt++;
000012   19a2     incr    0x22             	INCR	_int_isr_cnt_196608_97
                                           ;;unsigned compare: left < lit(0xA=10), size=1
                                           ;	.line	663; "MC30P6280.c"	if (cnt >= 10) {
000013   0b0a     movai   0xa              	MOVAI	0x0a
000014   1222     rsubar  0x22             	RSUBAR	_int_isr_cnt_196608_97
000015   3003     jbset   0x3, 0           	JBSET	STATUS,0
000016   286d     goto    0x6d             	GOTO	_00480_DS_
                                           ;;genSkipc:3291: created from rifx:013B5EFC
                                           ;	.line	665; "MC30P6280.c"	cnt = 0;
000017   1da2     clrr    0x22             	CLRR	_int_isr_cnt_196608_97
                                           ;	.line	668; "MC30P6280.c"	key_scan();
000018   2119     call    0x119            	CALL	_key_scan
                                           ;	.line	670; "MC30P6280.c"	led_status_handle();
000019   20de     call    0xde             	CALL	_led_status_handle
                                           ;	.line	672; "MC30P6280.c"	if (flag_is_dev_working) {
00001a   332d     jbset   0x2d, 0x6        	JBSET	_flag1,6
00001b   2834     goto    0x34             	GOTO	_00459_DS_
                                           ;;unsigned compare: left < lit(0x2BF20=180000), size=4
                                           ;	.line	674; "MC30P6280.c"	if (pwr_off_cnt < ((u32)30 * 60 * 1000 / 10)) {
00001c   0b00     movai   0                	MOVAI	0x00
00001d   1228     rsubar  0x28             	RSUBAR	(_pwr_off_cnt + 3)
00001e   3103     jbset   0x3, 0x2         	JBSET	STATUS,2
00001f   282a     goto    0x2a             	GOTO	_00573_DS_
000020   0b02     movai   0x2              	MOVAI	0x02
000021   1227     rsubar  0x27             	RSUBAR	(_pwr_off_cnt + 2)
000022   3103     jbset   0x3, 0x2         	JBSET	STATUS,2
000023   282a     goto    0x2a             	GOTO	_00573_DS_
000024   0bbf     movai   0xbf             	MOVAI	0xbf
000025   1226     rsubar  0x26             	RSUBAR	(_pwr_off_cnt + 1)
000026   3103     jbset   0x3, 0x2         	JBSET	STATUS,2
000027   282a     goto    0x2a             	GOTO	_00573_DS_
000028   0b20     movai   0x20             	MOVAI	0x20
000029   1225     rsubar  0x25             	RSUBAR	_pwr_off_cnt
                                           _00573_DS_
00002a   3403     jbclr   0x3, 0           	JBCLR	STATUS,0
00002b   2838     goto    0x38             	GOTO	_00460_DS_
                                           ;;genSkipc:3291: created from rifx:013B5EFC
                                           ;	.line	675; "MC30P6280.c"	pwr_off_cnt++;
00002c   19a5     incr    0x25             	INCR	_pwr_off_cnt
00002d   3503     jbclr   0x3, 0x2         	JBCLR	STATUS,2
00002e   19a6     incr    0x26             	INCR	(_pwr_off_cnt + 1)
00002f   3503     jbclr   0x3, 0x2         	JBCLR	STATUS,2
000030   19a7     incr    0x27             	INCR	(_pwr_off_cnt + 2)
000031   3503     jbclr   0x3, 0x2         	JBCLR	STATUS,2
000032   19a8     incr    0x28             	INCR	(_pwr_off_cnt + 3)
000033   2838     goto    0x38             	GOTO	_00460_DS_
                                           _00459_DS_
                                           ;	.line	679; "MC30P6280.c"	pwr_off_cnt = 0;
000034   1da5     clrr    0x25             	CLRR	_pwr_off_cnt
000035   1da6     clrr    0x26             	CLRR	(_pwr_off_cnt + 1)
000036   1da7     clrr    0x27             	CLRR	(_pwr_off_cnt + 2)
000037   1da8     clrr    0x28             	CLRR	(_pwr_off_cnt + 3)
                                           _00460_DS_
                                           ;	.line	683; "MC30P6280.c"	if (flag_is_dev_working && bat_lev == BAT_LEV_2V9) {
000038   332d     jbset   0x2d, 0x6        	JBSET	_flag1,6
000039   2841     goto    0x41             	GOTO	_00462_DS_
00003a   0b00     movai   0                	MOVAI	0x00
00003b   1731     orar    0x31             	ORAR	_bat_lev
00003c   3103     jbset   0x3, 0x2         	JBSET	STATUS,2
00003d   2841     goto    0x41             	GOTO	_00462_DS_
                                           ;	.line	684; "MC30P6280.c"	pen_pwr_off();           // 断开笔头的供电
00003e   2193     call    0x193            	CALL	_pen_pwr_off
                                           ;	.line	685; "MC30P6280.c"	led_all_off();           // 关闭所有指示灯
00003f   218e     call    0x18e            	CALL	_led_all_off
                                           ;	.line	686; "MC30P6280.c"	flag_is_dev_working = 0; // 表示设备关闭
000040   3f2d     bclr    0x2d, 0x6        	BCLR	_flag1,6
                                           _00462_DS_
                                           ;	.line	693; "MC30P6280.c"	if (CHARGE_PIN) {
000041   3186     jbset   0x6, 0x3         	JBSET	_P1bits,3
000042   285a     goto    0x5a             	GOTO	_00471_DS_
                                           ;	.line	694; "MC30P6280.c"	discharge_cnt = 0;
000043   1da3     clrr    0x23             	CLRR	_int_isr_discharge_cnt_327680_103
                                           ;	.line	695; "MC30P6280.c"	charge_cnt++;
000044   19a4     incr    0x24             	INCR	_int_isr_charge_cnt_327680_103
                                           ;;unsigned compare: left < lit(0xA=10), size=1
                                           ;	.line	696; "MC30P6280.c"	if (charge_cnt >= 10) {
000045   0b0a     movai   0xa              	MOVAI	0x0a
000046   1224     rsubar  0x24             	RSUBAR	_int_isr_charge_cnt_327680_103
000047   3003     jbset   0x3, 0           	JBSET	STATUS,0
000048   2862     goto    0x62             	GOTO	_00472_DS_
                                           ;;genSkipc:3291: created from rifx:013B5EFC
                                           ;	.line	697; "MC30P6280.c"	charge_cnt = 0;
000049   1da4     clrr    0x24             	CLRR	_int_isr_charge_cnt_327680_103
                                           ;	.line	698; "MC30P6280.c"	if (0 == flag_is_in_charging) {
00004a   342d     jbclr   0x2d, 0          	JBCLR	_flag1,0
00004b   2862     goto    0x62             	GOTO	_00472_DS_
                                           ;	.line	703; "MC30P6280.c"	tmp_bat_lev = BAT_LEV_2V9;
00004c   1db0     clrr    0x30             	CLRR	_tmp_bat_lev
                                           ;	.line	704; "MC30P6280.c"	bat_lev = BAT_LEV_2V9;
00004d   1db1     clrr    0x31             	CLRR	_bat_lev
                                           ;	.line	705; "MC30P6280.c"	pen_pwr_off(); // 断开笔头的供电
00004e   2193     call    0x193            	CALL	_pen_pwr_off
                                           ;	.line	707; "MC30P6280.c"	flag_led_1_on = 0;
00004f   3d2d     bclr    0x2d, 0x2        	BCLR	_flag1,2
                                           ;	.line	708; "MC30P6280.c"	flag_led_2_on = 0;
000050   3dad     bclr    0x2d, 0x3        	BCLR	_flag1,3
                                           ;	.line	709; "MC30P6280.c"	flag_led_3_on = 0;
000051   3e2d     bclr    0x2d, 0x4        	BCLR	_flag1,4
                                           ;	.line	710; "MC30P6280.c"	flag_led_4_on = 0;
000052   3ead     bclr    0x2d, 0x5        	BCLR	_flag1,5
                                           ;	.line	711; "MC30P6280.c"	flag_is_dev_working = 0; // 表示设备关闭
000053   3f2d     bclr    0x2d, 0x6        	BCLR	_flag1,6
                                           ;	.line	713; "MC30P6280.c"	flag_is_charge_begin = 1;
000054   38ad     bset    0x2d, 0x1        	BSET	_flag1,1
                                           ;	.line	714; "MC30P6280.c"	charge_anim_phase = 0;
000055   1db3     clrr    0x33             	CLRR	_charge_anim_phase
                                           ;	.line	715; "MC30P6280.c"	charge_fully_cnt = 0; // 刚进入充电，清空充满电的计数值
000056   1da9     clrr    0x29             	CLRR	_charge_fully_cnt
000057   1daa     clrr    0x2a             	CLRR	(_charge_fully_cnt + 1)
                                           ;	.line	716; "MC30P6280.c"	flag_is_in_charging = 1;
000058   382d     bset    0x2d, 0          	BSET	_flag1,0
000059   2862     goto    0x62             	GOTO	_00472_DS_
                                           _00471_DS_
                                           ;	.line	723; "MC30P6280.c"	charge_cnt = 0;
00005a   1da4     clrr    0x24             	CLRR	_int_isr_charge_cnt_327680_103
                                           ;	.line	724; "MC30P6280.c"	discharge_cnt++;
00005b   19a3     incr    0x23             	INCR	_int_isr_discharge_cnt_327680_103
                                           ;;unsigned compare: left < lit(0x64=100), size=1
                                           ;	.line	725; "MC30P6280.c"	if (discharge_cnt >= 100) {
00005c   0b64     movai   0x64             	MOVAI	0x64
00005d   1223     rsubar  0x23             	RSUBAR	_int_isr_discharge_cnt_327680_103
00005e   3003     jbset   0x3, 0           	JBSET	STATUS,0
00005f   2862     goto    0x62             	GOTO	_00472_DS_
                                           ;;genSkipc:3291: created from rifx:013B5EFC
                                           ;	.line	726; "MC30P6280.c"	discharge_cnt = 0;
000060   1da3     clrr    0x23             	CLRR	_int_isr_discharge_cnt_327680_103
                                           ;	.line	727; "MC30P6280.c"	flag_is_in_charging = 0;
000061   3c2d     bclr    0x2d, 0          	BCLR	_flag1,0
                                           _00472_DS_
                                           ;	.line	734; "MC30P6280.c"	if ((CHARGE_PIN == 0) && (flag_is_dev_working == 0)) {
000062   3586     jbclr   0x6, 0x3         	JBCLR	_P1bits,3
000063   286c     goto    0x6c             	GOTO	_00476_DS_
000064   372d     jbclr   0x2d, 0x6        	JBCLR	_flag1,6
000065   286c     goto    0x6c             	GOTO	_00476_DS_
                                           ;;unsigned compare: left < lit(0xFF=255), size=1
                                           ;	.line	735; "MC30P6280.c"	if (into_low_power_cnt < 255) {
000066   0bff     movai   0xff             	MOVAI	0xff
000067   1232     rsubar  0x32             	RSUBAR	_into_low_power_cnt
000068   3403     jbclr   0x3, 0           	JBCLR	STATUS,0
000069   286d     goto    0x6d             	GOTO	_00480_DS_
                                           ;;genSkipc:3291: created from rifx:013B5EFC
                                           ;	.line	736; "MC30P6280.c"	into_low_power_cnt++;
00006a   19b2     incr    0x32             	INCR	_into_low_power_cnt
00006b   286d     goto    0x6d             	GOTO	_00480_DS_
                                           _00476_DS_
                                           ;	.line	739; "MC30P6280.c"	into_low_power_cnt = 0;
00006c   1db2     clrr    0x32             	CLRR	_into_low_power_cnt
                                           _00480_DS_
                                           ;	.line	744; "MC30P6280.c"	lvd_scan();
00006d   21db     call    0x1db            	CALL	_lvd_scan
                                           ;	.line	747; "MC30P6280.c"	if (flag_is_dev_working) {
00006e   332d     jbset   0x2d, 0x6        	JBSET	_flag1,6
00006f   2877     goto    0x77             	GOTO	_00486_DS_
                                           ;	.line	749; "MC30P6280.c"	if (bat_lev >= tmp_bat_lev) {
000070   1630     movar   0x30             	MOVAR	_tmp_bat_lev
000071   1231     rsubar  0x31             	RSUBAR	_bat_lev
000072   3003     jbset   0x3, 0           	JBSET	STATUS,0
000073   287d     goto    0x7d             	GOTO	_00489_DS_
                                           ;;genSkipc:3291: created from rifx:013B5EFC
                                           ;	.line	750; "MC30P6280.c"	bat_lev = tmp_bat_lev;
000074   1630     movar   0x30             	MOVAR	_tmp_bat_lev
000075   15b1     movra   0x31             	MOVRA	_bat_lev
000076   287d     goto    0x7d             	GOTO	_00489_DS_
                                           _00486_DS_
                                           ;	.line	755; "MC30P6280.c"	if (bat_lev <= tmp_bat_lev) {
000077   1631     movar   0x31             	MOVAR	_bat_lev
000078   1230     rsubar  0x30             	RSUBAR	_tmp_bat_lev
000079   3003     jbset   0x3, 0           	JBSET	STATUS,0
00007a   287d     goto    0x7d             	GOTO	_00489_DS_
                                           ;;genSkipc:3291: created from rifx:013B5EFC
                                           ;	.line	756; "MC30P6280.c"	bat_lev = tmp_bat_lev;
00007b   1630     movar   0x30             	MOVAR	_tmp_bat_lev
00007c   15b1     movra   0x31             	MOVRA	_bat_lev
                                           _00489_DS_
                                           ;	.line	763; "MC30P6280.c"	if ((T1IF) && (T1IE)) {
00007d   304b     jbset   0x4b, 0          	JBSET	_TMRCRbits,0
00007e   2883     goto    0x83             	GOTO	_00492_DS_
00007f   30cb     jbset   0x4b, 0x1        	JBSET	_TMRCRbits,1
000080   2883     goto    0x83             	GOTO	_00492_DS_
                                           ;	.line	764; "MC30P6280.c"	T1IF = 0;
000081   3c4b     bclr    0x4b, 0          	BCLR	_TMRCRbits,0
                                           ;	.line	768; "MC30P6280.c"	led_refresh();
000082   20d6     call    0xd6             	CALL	_led_refresh
                                           _00492_DS_
                                           ;	.line	788; "MC30P6280.c"	__endasm;
                                           	;
000083   112c     swapar  0x2c             	swapar	_statusbuf;
000084   1583     movra   0x3              	movra	_STATUS;
000085   11ab     swapr   0x2b             	swapr	_abuf;
000086   112b     swapar  0x2b             	swapar	_abuf;
                                           	
                                           END_OF_INTERRUPT
                                           ;	.line	789; "MC30P6280.c"	}
000087   000d     retie                    	RETIE	
                                           
                                           ;--------------------------------------------------------
                                           ; code
                                           ;--------------------------------------------------------
                                           code_MC30P6280	code
                                           ;***
                                           ;  pBlock Stats: dbName = M
                                           ;***
                                           ;entry:  _main	;Function start
                                           ; 2 exit points
                                           ;has an exit
                                           ;functions called:
                                           ;   _Sys_Init
                                           ;   _user_init
                                           ;   _Sys_Init
                                           ;   _user_init
                                           ;   _delay_ms
                                           ;   _Sys_Init
                                           ;   _user_init
                                           ;   _Sys_Init
                                           ;   _user_init
                                           ;   _delay_ms
                                           ;3 compiler assigned registers:
                                           ;   STK02
                                           ;   STK01
                                           ;   STK00
                                           ;; Starting pCode block
                                           _main	;Function start
                                           ; 2 exit points
                                           ;	.line	534; "MC30P6280.c"	Sys_Init();
000088   21d6     call    0x1d6            	CALL	_Sys_Init
                                           ;	.line	535; "MC30P6280.c"	user_init();
000089   219a     call    0x19a            	CALL	_user_init
                                           ;	.line	537; "MC30P6280.c"	into_low_power_cnt = (u8)((u16)2000 / 10); // 确保一上电就进入低功耗
00008a   0bc8     movai   0xc8             	MOVAI	0xc8
00008b   15b2     movra   0x32             	MOVRA	_into_low_power_cnt
                                           _00423_DS_
                                           ;	.line	547; "MC30P6280.c"	if ((flag_is_dev_working && pwr_off_cnt >= ((u32)30 * 60 * 1000 / 10)) ||
00008c   332d     jbset   0x2d, 0x6        	JBSET	_flag1,6
00008d   289e     goto    0x9e             	GOTO	_00421_DS_
                                           ;;unsigned compare: left < lit(0x2BF20=180000), size=4
00008e   0b00     movai   0                	MOVAI	0x00
00008f   1228     rsubar  0x28             	RSUBAR	(_pwr_off_cnt + 3)
000090   3103     jbset   0x3, 0x2         	JBSET	STATUS,2
000091   289c     goto    0x9c             	GOTO	_00451_DS_
000092   0b02     movai   0x2              	MOVAI	0x02
000093   1227     rsubar  0x27             	RSUBAR	(_pwr_off_cnt + 2)
000094   3103     jbset   0x3, 0x2         	JBSET	STATUS,2
000095   289c     goto    0x9c             	GOTO	_00451_DS_
000096   0bbf     movai   0xbf             	MOVAI	0xbf
000097   1226     rsubar  0x26             	RSUBAR	(_pwr_off_cnt + 1)
000098   3103     jbset   0x3, 0x2         	JBSET	STATUS,2
000099   289c     goto    0x9c             	GOTO	_00451_DS_
00009a   0b20     movai   0x20             	MOVAI	0x20
00009b   1225     rsubar  0x25             	RSUBAR	_pwr_off_cnt
                                           _00451_DS_
00009c   3403     jbclr   0x3, 0           	JBCLR	STATUS,0
00009d   28a2     goto    0xa2             	GOTO	_00411_DS_
                                           ;;genSkipc:3291: created from rifx:013B5EFC
                                           ;;unsigned compare: left < lit(0xC8=200), size=1
                                           _00421_DS_
                                           ;	.line	548; "MC30P6280.c"	into_low_power_cnt >= (u8)((u16)2000 / 10)) {
00009e   0bc8     movai   0xc8             	MOVAI	0xc8
00009f   1232     rsubar  0x32             	RSUBAR	_into_low_power_cnt
0000a0   3003     jbset   0x3, 0           	JBSET	STATUS,0
0000a1   288c     goto    0x8c             	GOTO	_00423_DS_
                                           ;;genSkipc:3291: created from rifx:013B5EFC
                                           _00411_DS_
                                           ;	.line	563; "MC30P6280.c"	GIE = 0; // 关闭总中断
0000a2   3f8e     bclr    0xe, 0x7         	BCLR	_INTEbits,7
                                           ;	.line	569; "MC30P6280.c"	T0IE = 0;  // 屏蔽 timer0 中断
0000a3   3c0e     bclr    0xe, 0           	BCLR	_INTEbits,0
                                           ;	.line	570; "MC30P6280.c"	T1IE = 0;  // 屏蔽 timer1 中断
0000a4   3ccb     bclr    0x4b, 0x1        	BCLR	_TMRCRbits,1
                                           ;	.line	571; "MC30P6280.c"	T1EN = 0;  // 不使能定时器
0000a5   3fcc     bclr    0x4c, 0x7        	BCLR	_T1CRbits,7
                                           ;	.line	572; "MC30P6280.c"	LVDEN = 0; // 关闭 lvd
0000a6   3c08     bclr    0x8, 0           	BCLR	_MCRbits,0
                                           ;	.line	575; "MC30P6280.c"	PUCON = 0xFF; // 0:Effective 1:invalid
0000a7   0bff     movai   0xff             	MOVAI	0xff
0000a8   158d     movra   0xd              	MOVRA	_PUCON
                                           ;	.line	576; "MC30P6280.c"	PDCON = 0xFF; // 0:Effective 1:invalid
0000a9   0bff     movai   0xff             	MOVAI	0xff
0000aa   158b     movra   0xb              	MOVRA	_PDCON
                                           ;	.line	577; "MC30P6280.c"	DDR1 = 0xFF;  // 1:input 0:output
0000ab   0bff     movai   0xff             	MOVAI	0xff
0000ac   15c6     movra   0x46             	MOVRA	_DDR1
                                           ;	.line	579; "MC30P6280.c"	PUCON &= ~(0x01 << 0);             // 上拉 20K ， P10(按键检测脚)
0000ad   3c0d     bclr    0xd, 0           	BCLR	_PUCON,0
                                           ;	.line	580; "MC30P6280.c"	PUCON &= ~(0x01 << 1 | 0x01 << 2); // LED控制 A端和B端，打开上拉
0000ae   0bf9     movai   0xf9             	MOVAI	0xf9
0000af   1e8d     andra   0xd              	ANDRA	_PUCON
                                           ;	.line	586; "MC30P6280.c"	KBIF = 0; // 清除中断标志
0000b0   3c8f     bclr    0xf, 0x1         	BCLR	_INTFbits,1
                                           ;	.line	587; "MC30P6280.c"	KBIE = 1; // 使能键盘中断
0000b1   388e     bset    0xe, 0x1         	BSET	_INTEbits,1
                                           ;	.line	591; "MC30P6280.c"	P1KBCR |= (0x01 << 0) | (0x01 << 3);
0000b2   0b09     movai   0x9              	MOVAI	0x09
0000b3   1789     orra    0x9              	ORRA	_P1KBCR
                                           ;	.line	599; "MC30P6280.c"	Stop();
0000b4   000b     sleep                    	stop	
                                           ;	.line	600; "MC30P6280.c"	Nop();
0000b5   0000     nop                      	nop	
                                           ;	.line	601; "MC30P6280.c"	Nop();
0000b6   0000     nop                      	nop	
                                           ;	.line	604; "MC30P6280.c"	P1KBCR = 0; // 关闭所有键盘中断
0000b7   1d89     clrr    0x9              	CLRR	_P1KBCR
                                           ;	.line	605; "MC30P6280.c"	KBIE = 0;   // 关闭键盘中断
0000b8   3c8e     bclr    0xe, 0x1         	BCLR	_INTEbits,1
                                           ;	.line	606; "MC30P6280.c"	KBIF = 0;   // 清除 键盘中断 标志
0000b9   3c8f     bclr    0xf, 0x1         	BCLR	_INTFbits,1
                                           ;	.line	613; "MC30P6280.c"	Sys_Init();
0000ba   21d6     call    0x1d6            	CALL	_Sys_Init
                                           ;	.line	614; "MC30P6280.c"	user_init();
0000bb   219a     call    0x19a            	CALL	_user_init
                                           ;	.line	616; "MC30P6280.c"	if (CHARGE_PIN == 0) {
0000bc   3586     jbclr   0x6, 0x3         	JBCLR	_P1bits,3
0000bd   28c3     goto    0xc3             	GOTO	_00413_DS_
                                           ;	.line	618; "MC30P6280.c"	tmp_bat_lev = BAT_LEV_4V2; // 唤醒后，给一个默认值
0000be   0b06     movai   0x6              	MOVAI	0x06
0000bf   15b0     movra   0x30             	MOVRA	_tmp_bat_lev
                                           ;	.line	619; "MC30P6280.c"	bat_lev = BAT_LEV_4V2;
0000c0   0b06     movai   0x6              	MOVAI	0x06
0000c1   15b1     movra   0x31             	MOVRA	_bat_lev
0000c2   28c5     goto    0xc5             	GOTO	_00414_DS_
                                           _00413_DS_
                                           ;	.line	622; "MC30P6280.c"	tmp_bat_lev = BAT_LEV_2V9;
0000c3   1db0     clrr    0x30             	CLRR	_tmp_bat_lev
                                           ;	.line	623; "MC30P6280.c"	bat_lev = BAT_LEV_2V9;
0000c4   1db1     clrr    0x31             	CLRR	_bat_lev
                                           _00414_DS_
                                           ;	.line	630; "MC30P6280.c"	delay_ms(100);
0000c5   0b64     movai   0x64             	MOVAI	0x64
0000c6   1594     movra   0x14             	MOVRA	STK02
0000c7   0b00     movai   0                	MOVAI	0x00
0000c8   1595     movra   0x15             	MOVRA	STK01
0000c9   0b00     movai   0                	MOVAI	0x00
0000ca   1596     movra   0x16             	MOVRA	STK00
0000cb   0b00     movai   0                	MOVAI	0x00
0000cc   21aa     call    0x1aa            	CALL	_delay_ms
                                           ;	.line	631; "MC30P6280.c"	flag_is_led_show_enable = 1; // 确保电池电量更新后，再使能led显示
0000cd   382e     bset    0x2e, 0          	BSET	_flag2,0
                                           ;	.line	634; "MC30P6280.c"	if (CHARGE_PIN == 0 && bat_lev < BAT_LEV_3V0) {
0000ce   3586     jbclr   0x6, 0x3         	JBCLR	_P1bits,3
0000cf   288c     goto    0x8c             	GOTO	_00423_DS_
                                           ;;unsigned compare: left < lit(0x1=1), size=1
0000d0   0b01     movai   0x1              	MOVAI	0x01
0000d1   1231     rsubar  0x31             	RSUBAR	_bat_lev
0000d2   3003     jbset   0x3, 0           	JBSET	STATUS,0
0000d3   28a2     goto    0xa2             	GOTO	_00411_DS_
                                           ;;genSkipc:3291: created from rifx:013B5EFC
                                           ;	.line	635; "MC30P6280.c"	goto label_low_power_in;
0000d4   288c     goto    0x8c             	GOTO	_00423_DS_
                                           ;	.line	640; "MC30P6280.c"	}
0000d5   000c     return                   	RETURN	
                                           ; exit point of _main
                                           
                                           ;***
                                           ;  pBlock Stats: dbName = C
                                           ;***
                                           ;entry:  _led_refresh	;Function start
                                           ; 2 exit points
                                           ;has an exit
                                           ;functions called:
                                           ;   _led_all_off
                                           ;   _led4_on
                                           ;   _led_all_off
                                           ;   _led4_on
                                           ;; Starting pCode block
                                           _led_refresh	;Function start
                                           ; 2 exit points
                                           ;	.line	521; "MC30P6280.c"	if (0 == flag_is_led_show_enable) {
0000d6   342e     jbclr   0x2e, 0          	JBCLR	_flag2,0
0000d7   28d9     goto    0xd9             	GOTO	_00403_DS_
                                           ;	.line	522; "MC30P6280.c"	return;
0000d8   28dd     goto    0xdd             	GOTO	_00406_DS_
                                           _00403_DS_
                                           ;	.line	525; "MC30P6280.c"	led_all_off();
0000d9   218e     call    0x18e            	CALL	_led_all_off
                                           ;	.line	527; "MC30P6280.c"	if (flag_led_4_on) {
0000da   32ad     jbset   0x2d, 0x5        	JBSET	_flag1,5
0000db   28dd     goto    0xdd             	GOTO	_00406_DS_
                                           ;	.line	528; "MC30P6280.c"	led4_on();
0000dc   2189     call    0x189            	CALL	_led4_on
                                           _00406_DS_
                                           ;	.line	530; "MC30P6280.c"	}
0000dd   000c     return                   	RETURN	
                                           ; exit point of _led_refresh
                                           
                                           ;***
                                           ;  pBlock Stats: dbName = C
                                           ;***
                                           ;entry:  _led_status_handle	;Function start
                                           ; 2 exit points
                                           ;has an exit
                                           ;1 compiler assigned register :
                                           ;   r0x1021
                                           ;; Starting pCode block
                                           _led_status_handle	;Function start
                                           ; 2 exit points
                                           ;	.line	472; "MC30P6280.c"	led_sta_reflash_cnt++;
0000de   19b4     incr    0x34             	INCR	_led_sta_reflash_cnt
                                           ;;unsigned compare: left < lit(0x32=50), size=1
                                           ;	.line	473; "MC30P6280.c"	if (led_sta_reflash_cnt >= (u8)(500 / 10)) {
0000df   0b32     movai   0x32             	MOVAI	0x32
0000e0   1234     rsubar  0x34             	RSUBAR	_led_sta_reflash_cnt
0000e1   3003     jbset   0x3, 0           	JBSET	STATUS,0
0000e2   2905     goto    0x105            	GOTO	_00356_DS_
                                           ;;genSkipc:3291: created from rifx:013B5EFC
                                           ;	.line	474; "MC30P6280.c"	led_sta_reflash_cnt = 0;
0000e3   1db4     clrr    0x34             	CLRR	_led_sta_reflash_cnt
                                           ;	.line	476; "MC30P6280.c"	if (flag_is_in_charging) {
0000e4   302d     jbset   0x2d, 0          	JBSET	_flag1,0
0000e5   28f1     goto    0xf1             	GOTO	_00353_DS_
                                           ;	.line	478; "MC30P6280.c"	flag_led_4_on = ~flag_led_4_on;
0000e6   1da1     clrr    0x21             	CLRR	r0x1021
0000e7   36ad     jbclr   0x2d, 0x5        	JBCLR	_flag1,5
0000e8   19a1     incr    0x21             	INCR	r0x1021
0000e9   1c21     comar   0x21             	COMAR	r0x1021
0000ea   15a1     movra   0x21             	MOVRA	r0x1021
0000eb   1321     rrar    0x21             	RRAR	r0x1021
0000ec   3003     jbset   0x3, 0           	JBSET	STATUS,0
0000ed   3ead     bclr    0x2d, 0x5        	BCLR	_flag1,5
0000ee   3403     jbclr   0x3, 0           	JBCLR	STATUS,0
0000ef   3aad     bset    0x2d, 0x5        	BSET	_flag1,5
0000f0   2905     goto    0x105            	GOTO	_00356_DS_
                                           _00353_DS_
                                           ;	.line	479; "MC30P6280.c"	} else if (flag_is_dev_working) {
0000f1   332d     jbset   0x2d, 0x6        	JBSET	_flag1,6
0000f2   2904     goto    0x104            	GOTO	_00350_DS_
                                           ;;unsigned compare: left < lit(0x2=2), size=1
                                           ;	.line	488; "MC30P6280.c"	if (bat_lev >= BAT_LEV_3V2) {
0000f3   0b02     movai   0x2              	MOVAI	0x02
0000f4   1231     rsubar  0x31             	RSUBAR	_bat_lev
0000f5   3003     jbset   0x3, 0           	JBSET	STATUS,0
0000f6   28f9     goto    0xf9             	GOTO	_00347_DS_
                                           ;;genSkipc:3291: created from rifx:013B5EFC
                                           ;	.line	489; "MC30P6280.c"	flag_led_4_on = 1;
0000f7   3aad     bset    0x2d, 0x5        	BSET	_flag1,5
0000f8   2905     goto    0x105            	GOTO	_00356_DS_
                                           _00347_DS_
                                           ;	.line	493; "MC30P6280.c"	flag_led_4_on = ~flag_led_4_on;
0000f9   1da1     clrr    0x21             	CLRR	r0x1021
0000fa   36ad     jbclr   0x2d, 0x5        	JBCLR	_flag1,5
0000fb   19a1     incr    0x21             	INCR	r0x1021
0000fc   1c21     comar   0x21             	COMAR	r0x1021
0000fd   15a1     movra   0x21             	MOVRA	r0x1021
0000fe   1321     rrar    0x21             	RRAR	r0x1021
0000ff   3003     jbset   0x3, 0           	JBSET	STATUS,0
000100   3ead     bclr    0x2d, 0x5        	BCLR	_flag1,5
000101   3403     jbclr   0x3, 0           	JBCLR	STATUS,0
000102   3aad     bset    0x2d, 0x5        	BSET	_flag1,5
000103   2905     goto    0x105            	GOTO	_00356_DS_
                                           _00350_DS_
                                           ;	.line	497; "MC30P6280.c"	flag_led_4_on = 0;
000104   3ead     bclr    0x2d, 0x5        	BCLR	_flag1,5
                                           _00356_DS_
                                           ;	.line	501; "MC30P6280.c"	if (flag_is_in_charging) {
000105   302d     jbset   0x2d, 0          	JBSET	_flag1,0
000106   2918     goto    0x118            	GOTO	_00364_DS_
                                           ;;unsigned compare: left < lit(0x6=6), size=1
                                           ;	.line	503; "MC30P6280.c"	if (bat_lev >= BAT_LEV_4V2) {
000107   0b06     movai   0x6              	MOVAI	0x06
000108   1231     rsubar  0x31             	RSUBAR	_bat_lev
000109   3003     jbset   0x3, 0           	JBSET	STATUS,0
00010a   2918     goto    0x118            	GOTO	_00364_DS_
                                           ;;genSkipc:3291: created from rifx:013B5EFC
                                           ;;unsigned compare: left < lit(0x8CA0=36000), size=2
                                           ;	.line	504; "MC30P6280.c"	if (charge_fully_cnt < (u16)(((u32)6 * 60 * 1000) / 10)) {
00010b   0b8c     movai   0x8c             	MOVAI	0x8c
00010c   122a     rsubar  0x2a             	RSUBAR	(_charge_fully_cnt + 1)
00010d   3103     jbset   0x3, 0x2         	JBSET	STATUS,2
00010e   2911     goto    0x111            	GOTO	_00397_DS_
00010f   0ba0     movai   0xa0             	MOVAI	0xa0
000110   1229     rsubar  0x29             	RSUBAR	_charge_fully_cnt
                                           _00397_DS_
000111   3403     jbclr   0x3, 0           	JBCLR	STATUS,0
000112   2917     goto    0x117            	GOTO	_00358_DS_
                                           ;;genSkipc:3291: created from rifx:013B5EFC
                                           ;	.line	507; "MC30P6280.c"	charge_fully_cnt++;
000113   19a9     incr    0x29             	INCR	_charge_fully_cnt
000114   3503     jbclr   0x3, 0x2         	JBCLR	STATUS,2
000115   19aa     incr    0x2a             	INCR	(_charge_fully_cnt + 1)
000116   2918     goto    0x118            	GOTO	_00364_DS_
                                           _00358_DS_
                                           ;	.line	509; "MC30P6280.c"	flag_led_4_on = 1;
000117   3aad     bset    0x2d, 0x5        	BSET	_flag1,5
                                           _00364_DS_
                                           ;	.line	513; "MC30P6280.c"	}
000118   000c     return                   	RETURN	
                                           ; exit point of _led_status_handle
                                           
                                           ;***
                                           ;  pBlock Stats: dbName = C
                                           ;***
                                           ;entry:  _key_scan	;Function start
                                           ; 2 exit points
                                           ;has an exit
                                           ;functions called:
                                           ;   _led_all_off
                                           ;   _pen_pwr_on
                                           ;   _pen_pwr_off
                                           ;   _led_all_off
                                           ;   _pen_pwr_on
                                           ;   _pen_pwr_off
                                           ;1 compiler assigned register :
                                           ;   r0x1022
                                           ;; Starting pCode block
                                           _key_scan	;Function start
                                           ; 2 exit points
                                           ;	.line	351; "MC30P6280.c"	if (flag_is_in_charging) {
000119   302d     jbset   0x2d, 0          	JBSET	_flag1,0
00011a   2923     goto    0x123            	GOTO	_00251_DS_
                                           ;	.line	353; "MC30P6280.c"	last_key_id = 0;
00011b   1db6     clrr    0x36             	CLRR	_last_key_id
                                           ;	.line	354; "MC30P6280.c"	press_cnt = 0;
00011c   1db7     clrr    0x37             	CLRR	_press_cnt
                                           ;	.line	355; "MC30P6280.c"	filter_cnt = 0;
00011d   1db8     clrr    0x38             	CLRR	_filter_cnt
                                           ;	.line	356; "MC30P6280.c"	filter_key_id = 0;
00011e   1db9     clrr    0x39             	CLRR	_filter_key_id
                                           ;	.line	357; "MC30P6280.c"	click_delay_cnt = 0;
00011f   1dba     clrr    0x3a             	CLRR	_click_delay_cnt
                                           ;	.line	358; "MC30P6280.c"	click_cnt = 0;
000120   1dbb     clrr    0x3b             	CLRR	_click_cnt
                                           ;	.line	359; "MC30P6280.c"	cur_key_id = 0;
000121   1dbc     clrr    0x3c             	CLRR	_cur_key_id
                                           ;	.line	360; "MC30P6280.c"	return;
000122   2988     goto    0x188            	GOTO	_00283_DS_
                                           _00251_DS_
                                           ;	.line	363; "MC30P6280.c"	led_all_off();
000123   218e     call    0x18e            	CALL	_led_all_off
                                           ;	.line	366; "MC30P6280.c"	PUCON &= ~(0x01 << 0); // 上拉电阻 20K
000124   3c0d     bclr    0xd, 0           	BCLR	_PUCON,0
                                           ;	.line	367; "MC30P6280.c"	DDR1 |= 0x01 << 0;     // 输入模式
000125   3846     bset    0x46, 0          	BSET	_DDR1,0
                                           ;	.line	374; "MC30P6280.c"	if (1 == KEY_SCAN_PIN) {
000126   1da0     clrr    0x20             	CLRR	r0x1022
000127   3406     jbclr   0x6, 0           	JBCLR	_P1bits,0
000128   19a0     incr    0x20             	INCR	r0x1022
000129   1620     movar   0x20             	MOVAR	r0x1022
00012a   0801     xorai   0x1              	XORAI	0x01
00012b   3103     jbset   0x3, 0x2         	JBSET	STATUS,2
00012c   292f     goto    0x12f            	GOTO	_00253_DS_
                                           ;	.line	375; "MC30P6280.c"	cur_key_id = KEY_ID_NONE;
00012d   1dbc     clrr    0x3c             	CLRR	_cur_key_id
00012e   2936     goto    0x136            	GOTO	_00254_DS_
                                           _00253_DS_
                                           ;	.line	378; "MC30P6280.c"	cur_key_id = KEY_ID_VAILD;
00012f   0b01     movai   0x1              	MOVAI	0x01
000130   15bc     movra   0x3c             	MOVRA	_cur_key_id
                                           ;	.line	382; "MC30P6280.c"	pwr_off_cnt = 0;
000131   1da5     clrr    0x25             	CLRR	_pwr_off_cnt
000132   1da6     clrr    0x26             	CLRR	(_pwr_off_cnt + 1)
000133   1da7     clrr    0x27             	CLRR	(_pwr_off_cnt + 2)
000134   1da8     clrr    0x28             	CLRR	(_pwr_off_cnt + 3)
                                           ;	.line	383; "MC30P6280.c"	into_low_power_cnt = 0;
000135   1db2     clrr    0x32             	CLRR	_into_low_power_cnt
                                           _00254_DS_
                                           ;	.line	386; "MC30P6280.c"	if (cur_key_id != filter_key_id) {
000136   1639     movar   0x39             	MOVAR	_filter_key_id
000137   103c     xorar   0x3c             	XORAR	_cur_key_id
000138   3103     jbset   0x3, 0x2         	JBSET	STATUS,2
000139   293b     goto    0x13b            	GOTO	_00337_DS_
00013a   293f     goto    0x13f            	GOTO	_00256_DS_
                                           _00337_DS_
                                           ;	.line	388; "MC30P6280.c"	filter_cnt = 0;
00013b   1db8     clrr    0x38             	CLRR	_filter_cnt
                                           ;	.line	389; "MC30P6280.c"	filter_key_id = cur_key_id;
00013c   163c     movar   0x3c             	MOVAR	_cur_key_id
00013d   15b9     movra   0x39             	MOVRA	_filter_key_id
                                           ;	.line	390; "MC30P6280.c"	return;
00013e   2988     goto    0x188            	GOTO	_00283_DS_
                                           ;;unsigned compare: left < lit(0x3=3), size=1
                                           _00256_DS_
                                           ;	.line	393; "MC30P6280.c"	if (filter_cnt < KEY_FILTER_TIMES) {
00013f   0b03     movai   0x3              	MOVAI	0x03
000140   1238     rsubar  0x38             	RSUBAR	_filter_cnt
000141   3403     jbclr   0x3, 0           	JBCLR	STATUS,0
000142   2945     goto    0x145            	GOTO	_00258_DS_
                                           ;;genSkipc:3291: created from rifx:013B5EFC
                                           ;	.line	396; "MC30P6280.c"	filter_cnt++;
000143   19b8     incr    0x38             	INCR	_filter_cnt
                                           ;	.line	397; "MC30P6280.c"	return;
000144   2988     goto    0x188            	GOTO	_00283_DS_
                                           _00258_DS_
                                           ;	.line	401; "MC30P6280.c"	if (last_key_id != cur_key_id) {
000145   163c     movar   0x3c             	MOVAR	_cur_key_id
000146   1036     xorar   0x36             	XORAR	_last_key_id
000147   3103     jbset   0x3, 0x2         	JBSET	STATUS,2
000148   294a     goto    0x14a            	GOTO	_00339_DS_
000149   2953     goto    0x153            	GOTO	_00281_DS_
                                           _00339_DS_
                                           ;	.line	404; "MC30P6280.c"	if (cur_key_id == KEY_ID_NONE) {
00014a   0b00     movai   0                	MOVAI	0x00
00014b   173c     orar    0x3c             	ORAR	_cur_key_id
00014c   3103     jbset   0x3, 0x2         	JBSET	STATUS,2
00014d   2950     goto    0x150            	GOTO	_00260_DS_
                                           ;	.line	406; "MC30P6280.c"	click_delay_cnt = 0;
00014e   1dba     clrr    0x3a             	CLRR	_click_delay_cnt
00014f   2986     goto    0x186            	GOTO	_00282_DS_
                                           _00260_DS_
                                           ;	.line	410; "MC30P6280.c"	press_cnt = 0; // 重置按键按下时间计数
000150   1db7     clrr    0x37             	CLRR	_press_cnt
                                           ;	.line	411; "MC30P6280.c"	click_cnt++;
000151   19bb     incr    0x3b             	INCR	_click_cnt
000152   2986     goto    0x186            	GOTO	_00282_DS_
                                           _00281_DS_
                                           ;	.line	421; "MC30P6280.c"	if (cur_key_id == KEY_ID_NONE) { // 没有按键按下，说明松手
000153   0b00     movai   0                	MOVAI	0x00
000154   173c     orar    0x3c             	ORAR	_cur_key_id
000155   3103     jbset   0x3, 0x2         	JBSET	STATUS,2
000156   2981     goto    0x181            	GOTO	_00278_DS_
                                           ;	.line	422; "MC30P6280.c"	if (click_cnt > 0) {
000157   0b00     movai   0                	MOVAI	0x00
000158   173b     orar    0x3b             	ORAR	_click_cnt
000159   3503     jbclr   0x3, 0x2         	JBCLR	STATUS,2
00015a   2986     goto    0x186            	GOTO	_00282_DS_
                                           ;;unsigned compare: left < lit(0x1E=30), size=1
                                           ;	.line	423; "MC30P6280.c"	if (click_delay_cnt >= KEY_CLICK_DELAY_TIME) {
00015b   0b1e     movai   0x1e             	MOVAI	0x1e
00015c   123a     rsubar  0x3a             	RSUBAR	_click_delay_cnt
00015d   3003     jbset   0x3, 0           	JBSET	STATUS,0
00015e   297b     goto    0x17b            	GOTO	_00271_DS_
                                           ;;genSkipc:3291: created from rifx:013B5EFC
                                           ;	.line	424; "MC30P6280.c"	if (click_cnt == 1) {
00015f   163b     movar   0x3b             	MOVAR	_click_cnt
000160   0801     xorai   0x1              	XORAI	0x01
000161   3103     jbset   0x3, 0x2         	JBSET	STATUS,2
000162   2964     goto    0x164            	GOTO	_00341_DS_
000163   2979     goto    0x179            	GOTO	_00267_DS_
                                           _00341_DS_
                                           ;	.line	429; "MC30P6280.c"	flag_is_dev_working = ~flag_is_dev_working;
000164   1da0     clrr    0x20             	CLRR	r0x1022
000165   372d     jbclr   0x2d, 0x6        	JBCLR	_flag1,6
000166   19a0     incr    0x20             	INCR	r0x1022
000167   1c20     comar   0x20             	COMAR	r0x1022
000168   15a0     movra   0x20             	MOVRA	r0x1022
000169   1320     rrar    0x20             	RRAR	r0x1022
00016a   3003     jbset   0x3, 0           	JBSET	STATUS,0
00016b   3f2d     bclr    0x2d, 0x6        	BCLR	_flag1,6
00016c   3403     jbclr   0x3, 0           	JBCLR	STATUS,0
00016d   3b2d     bset    0x2d, 0x6        	BSET	_flag1,6
                                           ;	.line	433; "MC30P6280.c"	if (flag_is_dev_working) {
00016e   332d     jbset   0x2d, 0x6        	JBSET	_flag1,6
00016f   2974     goto    0x174            	GOTO	_00263_DS_
                                           ;	.line	434; "MC30P6280.c"	pen_pwr_on();
000170   2197     call    0x197            	CALL	_pen_pwr_on
                                           ;	.line	436; "MC30P6280.c"	led_sta_reflash_cnt = (u8)(500 / 10);
000171   0b32     movai   0x32             	MOVAI	0x32
000172   15b4     movra   0x34             	MOVRA	_led_sta_reflash_cnt
000173   2979     goto    0x179            	GOTO	_00267_DS_
                                           _00263_DS_
                                           ;	.line	439; "MC30P6280.c"	pen_pwr_off();
000174   2193     call    0x193            	CALL	_pen_pwr_off
                                           ;	.line	440; "MC30P6280.c"	flag_led_1_on = 0;
000175   3d2d     bclr    0x2d, 0x2        	BCLR	_flag1,2
                                           ;	.line	441; "MC30P6280.c"	flag_led_2_on = 0;
000176   3dad     bclr    0x2d, 0x3        	BCLR	_flag1,3
                                           ;	.line	442; "MC30P6280.c"	flag_led_3_on = 0;
000177   3e2d     bclr    0x2d, 0x4        	BCLR	_flag1,4
                                           ;	.line	443; "MC30P6280.c"	flag_led_4_on = 0;
000178   3ead     bclr    0x2d, 0x5        	BCLR	_flag1,5
                                           _00267_DS_
                                           ;	.line	447; "MC30P6280.c"	click_cnt = 0; // 处理完事件后,清空连击的次数
000179   1dbb     clrr    0x3b             	CLRR	_click_cnt
00017a   2986     goto    0x186            	GOTO	_00282_DS_
                                           ;;unsigned compare: left < lit(0xFF=255), size=1
                                           _00271_DS_
                                           ;	.line	449; "MC30P6280.c"	if (click_delay_cnt < 255) {
00017b   0bff     movai   0xff             	MOVAI	0xff
00017c   123a     rsubar  0x3a             	RSUBAR	_click_delay_cnt
00017d   3403     jbclr   0x3, 0           	JBCLR	STATUS,0
00017e   2986     goto    0x186            	GOTO	_00282_DS_
                                           ;;genSkipc:3291: created from rifx:013B5EFC
                                           ;	.line	451; "MC30P6280.c"	click_delay_cnt++;
00017f   19ba     incr    0x3a             	INCR	_click_delay_cnt
000180   2986     goto    0x186            	GOTO	_00282_DS_
                                           ;;unsigned compare: left < lit(0xFF=255), size=1
                                           _00278_DS_
                                           ;	.line	460; "MC30P6280.c"	if (press_cnt < 255) {
000181   0bff     movai   0xff             	MOVAI	0xff
000182   1237     rsubar  0x37             	RSUBAR	_press_cnt
000183   3403     jbclr   0x3, 0           	JBCLR	STATUS,0
000184   2986     goto    0x186            	GOTO	_00282_DS_
                                           ;;genSkipc:3291: created from rifx:013B5EFC
                                           ;	.line	461; "MC30P6280.c"	press_cnt++;
000185   19b7     incr    0x37             	INCR	_press_cnt
                                           _00282_DS_
                                           ;	.line	466; "MC30P6280.c"	last_key_id = cur_key_id;
000186   163c     movar   0x3c             	MOVAR	_cur_key_id
000187   15b6     movra   0x36             	MOVRA	_last_key_id
                                           _00283_DS_
                                           ;	.line	467; "MC30P6280.c"	}
000188   000c     return                   	RETURN	
                                           ; exit point of _key_scan
                                           
                                           ;***
                                           ;  pBlock Stats: dbName = C
                                           ;***
                                           ;entry:  _led4_on	;Function start
                                           ; 2 exit points
                                           ;has an exit
                                           ;; Starting pCode block
                                           _led4_on	;Function start
                                           ; 2 exit points
                                           ;	.line	341; "MC30P6280.c"	P1 &= ~(0x01 << 0);   // P10 输出低电平
000189   3c06     bclr    0x6, 0           	BCLR	_P1,0
                                           ;	.line	342; "MC30P6280.c"	DDR1 &= ~(0x01 << 0); // P10 输出模式
00018a   3c46     bclr    0x46, 0          	BCLR	_DDR1,0
                                           ;	.line	344; "MC30P6280.c"	P1 |= (0x01 << 2);    // P12 输出高电平
00018b   3906     bset    0x6, 0x2         	BSET	_P1,2
                                           ;	.line	345; "MC30P6280.c"	DDR1 &= ~(0x01 << 2); // P12 输出模式
00018c   3d46     bclr    0x46, 0x2        	BCLR	_DDR1,2
                                           ;	.line	346; "MC30P6280.c"	}
00018d   000c     return                   	RETURN	
                                           ; exit point of _led4_on
                                           
                                           ;***
                                           ;  pBlock Stats: dbName = C
                                           ;***
                                           ;entry:  _led_all_off	;Function start
                                           ; 2 exit points
                                           ;has an exit
                                           ;; Starting pCode block
                                           _led_all_off	;Function start
                                           ; 2 exit points
                                           ;	.line	286; "MC30P6280.c"	PUCON |= (0x01 << 0 | 0x01 << 1 | 0x01 << 2);
00018e   0b07     movai   0x7              	MOVAI	0x07
00018f   178d     orra    0xd              	ORRA	_PUCON
                                           ;	.line	291; "MC30P6280.c"	(0x01 << 2);  // P12
000190   0b07     movai   0x7              	MOVAI	0x07
000191   17c6     orra    0x46             	ORRA	_DDR1
                                           ;	.line	293; "MC30P6280.c"	}
000192   000c     return                   	RETURN	
                                           ; exit point of _led_all_off
                                           
                                           ;***
                                           ;  pBlock Stats: dbName = C
                                           ;***
                                           ;entry:  _pen_pwr_off	;Function start
                                           ; 2 exit points
                                           ;has an exit
                                           ;; Starting pCode block
                                           _pen_pwr_off	;Function start
                                           ; 2 exit points
                                           ;	.line	273; "MC30P6280.c"	PUCON |= (0x01 << 4); // 不使能上拉
000193   3a0d     bset    0xd, 0x4         	BSET	_PUCON,4
                                           ;	.line	274; "MC30P6280.c"	PDCON |= (0x01 << 4); // 不使能下拉
000194   3a0b     bset    0xb, 0x4         	BSET	_PDCON,4
                                           ;	.line	275; "MC30P6280.c"	DDR1 |= 0x01 << 4;    // P14 输入模式
000195   3a46     bset    0x46, 0x4        	BSET	_DDR1,4
                                           ;	.line	277; "MC30P6280.c"	}
000196   000c     return                   	RETURN	
                                           ; exit point of _pen_pwr_off
                                           
                                           ;***
                                           ;  pBlock Stats: dbName = C
                                           ;***
                                           ;entry:  _pen_pwr_on	;Function start
                                           ; 2 exit points
                                           ;has an exit
                                           ;; Starting pCode block
                                           _pen_pwr_on	;Function start
                                           ; 2 exit points
                                           ;	.line	265; "MC30P6280.c"	DDR1 &= ~(0x01 << 4); // 输出模式
000197   3e46     bclr    0x46, 0x4        	BCLR	_DDR1,4
                                           ;	.line	266; "MC30P6280.c"	P14D = 0;             // 输出低电平
000198   3e06     bclr    0x6, 0x4         	BCLR	_P1bits,4
                                           ;	.line	268; "MC30P6280.c"	}
000199   000c     return                   	RETURN	
                                           ; exit point of _pen_pwr_on
                                           
                                           ;***
                                           ;  pBlock Stats: dbName = C
                                           ;***
                                           ;entry:  _user_init	;Function start
                                           ; 2 exit points
                                           ;has an exit
                                           ;functions called:
                                           ;   _timer0_init
                                           ;   _timer1_init
                                           ;   _delay_ms
                                           ;   _timer0_init
                                           ;   _timer1_init
                                           ;   _delay_ms
                                           ;3 compiler assigned registers:
                                           ;   STK02
                                           ;   STK01
                                           ;   STK00
                                           ;; Starting pCode block
                                           _user_init	;Function start
                                           ; 2 exit points
                                           ;	.line	236; "MC30P6280.c"	PUCON &= ~(0x01 << 0); // 上拉电阻 20K
00019a   3c0d     bclr    0xd, 0           	BCLR	_PUCON,0
                                           ;	.line	237; "MC30P6280.c"	DDR1 |= 0x01 << 0;     // 输入模式
00019b   3846     bset    0x46, 0          	BSET	_DDR1,0
                                           ;	.line	240; "MC30P6280.c"	DDR1 |= 0x01 << 4; // P14 输入模式
00019c   3a46     bset    0x46, 0x4        	BSET	_DDR1,4
                                           ;	.line	243; "MC30P6280.c"	DDR1 |= 0x01 << 5; // 输入模式
00019d   3ac6     bset    0x46, 0x5        	BSET	_DDR1,5
                                           ;	.line	246; "MC30P6280.c"	DDR1 |= 0x01 << 3;
00019e   39c6     bset    0x46, 0x3        	BSET	_DDR1,3
                                           ;	.line	248; "MC30P6280.c"	timer0_init();
00019f   2302     call    0x302            	CALL	_timer0_init
                                           ;	.line	249; "MC30P6280.c"	timer1_init();
0001a0   2001     call    0x1              	CALL	_timer1_init
                                           ;	.line	259; "MC30P6280.c"	delay_ms(1); // 等待系统稳定
0001a1   0b01     movai   0x1              	MOVAI	0x01
0001a2   1594     movra   0x14             	MOVRA	STK02
0001a3   0b00     movai   0                	MOVAI	0x00
0001a4   1595     movra   0x15             	MOVRA	STK01
0001a5   0b00     movai   0                	MOVAI	0x00
0001a6   1596     movra   0x16             	MOVRA	STK00
0001a7   0b00     movai   0                	MOVAI	0x00
0001a8   21aa     call    0x1aa            	CALL	_delay_ms
                                           ;	.line	260; "MC30P6280.c"	}
0001a9   000c     return                   	RETURN	
                                           ; exit point of _user_init
                                           
                                           ;***
                                           ;  pBlock Stats: dbName = C
                                           ;***
                                           ;entry:  _delay_ms	;Function start
                                           ; 2 exit points
                                           ;has an exit
                                           ;11 compiler assigned registers:
                                           ;   r0x1019
                                           ;   STK00
                                           ;   r0x101A
                                           ;   STK01
                                           ;   r0x101B
                                           ;   STK02
                                           ;   r0x101C
                                           ;   r0x101D
                                           ;   r0x101E
                                           ;   r0x101F
                                           ;   r0x1020
                                           ;; Starting pCode block
                                           _delay_ms	;Function start
                                           ; 2 exit points
                                           ;	.line	220; "MC30P6280.c"	void delay_ms(u32 xms)
0001aa   159b     movra   0x1b             	MOVRA	r0x1019
0001ab   1616     movar   0x16             	MOVAR	STK00
0001ac   159a     movra   0x1a             	MOVRA	r0x101A
0001ad   1615     movar   0x15             	MOVAR	STK01
0001ae   1599     movra   0x19             	MOVRA	r0x101B
0001af   1614     movar   0x14             	MOVAR	STK02
0001b0   1598     movra   0x18             	MOVRA	r0x101C
                                           _00222_DS_
                                           ;	.line	222; "MC30P6280.c"	while (xms) {
0001b1   1618     movar   0x18             	MOVAR	r0x101C
0001b2   1719     orar    0x19             	ORAR	r0x101B
0001b3   171a     orar    0x1a             	ORAR	r0x101A
0001b4   171b     orar    0x1b             	ORAR	r0x1019
0001b5   3503     jbclr   0x3, 0x2         	JBCLR	STATUS,2
0001b6   29d5     goto    0x1d5            	GOTO	_00225_DS_
                                           ;	.line	224; "MC30P6280.c"	while (i--) {
0001b7   0b13     movai   0x13             	MOVAI	0x13
0001b8   159c     movra   0x1c             	MOVRA	r0x101D
0001b9   0b02     movai   0x2              	MOVAI	0x02
0001ba   159d     movra   0x1d             	MOVRA	r0x101E
                                           _00219_DS_
0001bb   161c     movar   0x1c             	MOVAR	r0x101D
0001bc   159e     movra   0x1e             	MOVRA	r0x101F
0001bd   161d     movar   0x1d             	MOVAR	r0x101E
0001be   159f     movra   0x1f             	MOVRA	r0x1020
0001bf   0bff     movai   0xff             	MOVAI	0xff
0001c0   1f9c     addra   0x1c             	ADDRA	r0x101D
0001c1   3003     jbset   0x3, 0           	JBSET	STATUS,0
0001c2   1b9d     decr    0x1d             	DECR	r0x101E
0001c3   161e     movar   0x1e             	MOVAR	r0x101F
0001c4   171f     orar    0x1f             	ORAR	r0x1020
0001c5   3503     jbclr   0x3, 0x2         	JBCLR	STATUS,2
0001c6   29c9     goto    0x1c9            	GOTO	_00221_DS_
                                           ;	.line	225; "MC30P6280.c"	Nop();
0001c7   0000     nop                      	nop	
0001c8   29bb     goto    0x1bb            	GOTO	_00219_DS_
                                           _00221_DS_
                                           ;	.line	227; "MC30P6280.c"	xms--;
0001c9   0bff     movai   0xff             	MOVAI	0xff
0001ca   1f98     addra   0x18             	ADDRA	r0x101C
0001cb   0bff     movai   0xff             	MOVAI	0xff
0001cc   3003     jbset   0x3, 0           	JBSET	STATUS,0
0001cd   1f99     addra   0x19             	ADDRA	r0x101B
0001ce   0bff     movai   0xff             	MOVAI	0xff
0001cf   3003     jbset   0x3, 0           	JBSET	STATUS,0
0001d0   1f9a     addra   0x1a             	ADDRA	r0x101A
0001d1   0bff     movai   0xff             	MOVAI	0xff
0001d2   3003     jbset   0x3, 0           	JBSET	STATUS,0
0001d3   1f9b     addra   0x1b             	ADDRA	r0x1019
0001d4   29b1     goto    0x1b1            	GOTO	_00222_DS_
                                           _00225_DS_
                                           ;	.line	229; "MC30P6280.c"	}
0001d5   000c     return                   	RETURN	
                                           ; exit point of _delay_ms
                                           
                                           ;***
                                           ;  pBlock Stats: dbName = C
                                           ;***
                                           ;entry:  _Sys_Init	;Function start
                                           ; 2 exit points
                                           ;has an exit
                                           ;functions called:
                                           ;   _C_RAM
                                           ;   _IO_Init
                                           ;   _C_RAM
                                           ;   _IO_Init
                                           ;; Starting pCode block
                                           _Sys_Init	;Function start
                                           ; 2 exit points
                                           ;	.line	212; "MC30P6280.c"	GIE = 0;
0001d6   3f8e     bclr    0xe, 0x7         	BCLR	_INTEbits,7
                                           ;	.line	213; "MC30P6280.c"	C_RAM();
0001d7   2296     call    0x296            	CALL	_C_RAM
                                           ;	.line	214; "MC30P6280.c"	IO_Init();
0001d8   228e     call    0x28e            	CALL	_IO_Init
                                           ;	.line	215; "MC30P6280.c"	GIE = 1;
0001d9   3b8e     bset    0xe, 0x7         	BSET	_INTEbits,7
                                           ;	.line	216; "MC30P6280.c"	}
0001da   000c     return                   	RETURN	
                                           ; exit point of _Sys_Init
                                           
                                           ;***
                                           ;  pBlock Stats: dbName = C
                                           ;***
                                           ;entry:  _lvd_scan	;Function start
                                           ; 2 exit points
                                           ;has an exit
                                           ;1 compiler assigned register :
                                           ;   r0x1023
                                           ;; Starting pCode block
                                           _lvd_scan	;Function start
                                           ; 2 exit points
                                           ;	.line	94; "MC30P6280.c"	LVDEN = 1; // 使能 LVD
0001db   3808     bset    0x8, 0           	BSET	_MCRbits,0
                                           ;	.line	96; "MC30P6280.c"	switch (cur_lvd_state) {
0001dc   1635     movar   0x35             	MOVAR	_cur_lvd_state
0001dd   1597     movra   0x17             	MOVRA	r0x1023
                                           ;;swapping arguments (AOP_TYPEs 1/2)
                                           ;;unsigned compare: left >= lit(0xF=15), size=1
0001de   0b0f     movai   0xf              	MOVAI	0x0f
0001df   1217     rsubar  0x17             	RSUBAR	r0x1023
0001e0   3403     jbclr   0x3, 0           	JBCLR	STATUS,0
0001e1   2a4a     goto    0x24a            	GOTO	_00128_DS_
                                           ;;genSkipc:3291: created from rifx:013B5EFC
0001e2   0b01     movai   0x1              	MOVAI	HIGH(_00201_DS_)
0001e3   158a     movra   0xa              	MOVRA	PCLATH
0001e4   0be9     movai   0xe9             	MOVAI	_00201_DS_
0001e5   1f17     addar   0x17             	ADDAR	r0x1023
0001e6   3403     jbclr   0x3, 0           	JBCLR	STATUS,0
0001e7   198a     incr    0xa              	INCR	PCLATH
0001e8   1582     movra   0x2              	MOVRA	PCL
                                           _00201_DS_
0001e9   29f8     goto    0x1f8            	GOTO	_00114_DS_
0001ea   2a29     goto    0x229            	GOTO	_00121_DS_
0001eb   29ff     goto    0x1ff            	GOTO	_00115_DS_
0001ec   2a2e     goto    0x22e            	GOTO	_00122_DS_
0001ed   2a06     goto    0x206            	GOTO	_00116_DS_
0001ee   2a33     goto    0x233            	GOTO	_00123_DS_
0001ef   2a0d     goto    0x20d            	GOTO	_00117_DS_
0001f0   2a38     goto    0x238            	GOTO	_00124_DS_
0001f1   2a14     goto    0x214            	GOTO	_00118_DS_
0001f2   2a3d     goto    0x23d            	GOTO	_00125_DS_
0001f3   2a1b     goto    0x21b            	GOTO	_00119_DS_
0001f4   2a42     goto    0x242            	GOTO	_00126_DS_
0001f5   2a22     goto    0x222            	GOTO	_00120_DS_
0001f6   2a47     goto    0x247            	GOTO	_00127_DS_
0001f7   29f8     goto    0x1f8            	GOTO	_00114_DS_
                                           _00114_DS_
                                           ;	.line	100; "MC30P6280.c"	MCR &= ~MCR_LVD_CFG_ALL;
0001f8   0be1     movai   0xe1             	MOVAI	0xe1
0001f9   1e88     andra   0x8              	ANDRA	_MCR
                                           ;	.line	101; "MC30P6280.c"	MCR |= MCR_LVD_CFG_4V2;
0001fa   0b1e     movai   0x1e             	MOVAI	0x1e
0001fb   1788     orra    0x8              	ORRA	_MCR
                                           ;	.line	102; "MC30P6280.c"	cur_lvd_state = LVD_LEV_4V2_SWITCHING;
0001fc   0b01     movai   0x1              	MOVAI	0x01
0001fd   15b5     movra   0x35             	MOVRA	_cur_lvd_state
                                           ;	.line	103; "MC30P6280.c"	break;
0001fe   2a4a     goto    0x24a            	GOTO	_00128_DS_
                                           _00115_DS_
                                           ;	.line	105; "MC30P6280.c"	MCR &= ~MCR_LVD_CFG_ALL;
0001ff   0be1     movai   0xe1             	MOVAI	0xe1
000200   1e88     andra   0x8              	ANDRA	_MCR
                                           ;	.line	106; "MC30P6280.c"	MCR |= MCR_LVD_CFG_4V0;
000201   0b1c     movai   0x1c             	MOVAI	0x1c
000202   1788     orra    0x8              	ORRA	_MCR
                                           ;	.line	107; "MC30P6280.c"	cur_lvd_state = LVD_LEV_4V0_SWITCHING;
000203   0b03     movai   0x3              	MOVAI	0x03
000204   15b5     movra   0x35             	MOVRA	_cur_lvd_state
                                           ;	.line	108; "MC30P6280.c"	break;
000205   2a4a     goto    0x24a            	GOTO	_00128_DS_
                                           _00116_DS_
                                           ;	.line	110; "MC30P6280.c"	MCR &= ~MCR_LVD_CFG_ALL;
000206   0be1     movai   0xe1             	MOVAI	0xe1
000207   1e88     andra   0x8              	ANDRA	_MCR
                                           ;	.line	111; "MC30P6280.c"	MCR |= MCR_LVD_CFG_3V6;
000208   0b1a     movai   0x1a             	MOVAI	0x1a
000209   1788     orra    0x8              	ORRA	_MCR
                                           ;	.line	112; "MC30P6280.c"	cur_lvd_state = LVD_LEV_3V6_SWITCHING;
00020a   0b05     movai   0x5              	MOVAI	0x05
00020b   15b5     movra   0x35             	MOVRA	_cur_lvd_state
                                           ;	.line	113; "MC30P6280.c"	break;
00020c   2a4a     goto    0x24a            	GOTO	_00128_DS_
                                           _00117_DS_
                                           ;	.line	115; "MC30P6280.c"	MCR &= ~MCR_LVD_CFG_ALL;
00020d   0be1     movai   0xe1             	MOVAI	0xe1
00020e   1e88     andra   0x8              	ANDRA	_MCR
                                           ;	.line	116; "MC30P6280.c"	MCR |= MCR_LVD_CFG_3V3;
00020f   0b18     movai   0x18             	MOVAI	0x18
000210   1788     orra    0x8              	ORRA	_MCR
                                           ;	.line	117; "MC30P6280.c"	cur_lvd_state = LVD_LEV_3V3_SWITCHING;
000211   0b07     movai   0x7              	MOVAI	0x07
000212   15b5     movra   0x35             	MOVRA	_cur_lvd_state
                                           ;	.line	118; "MC30P6280.c"	break;
000213   2a4a     goto    0x24a            	GOTO	_00128_DS_
                                           _00118_DS_
                                           ;	.line	120; "MC30P6280.c"	MCR &= ~MCR_LVD_CFG_ALL;
000214   0be1     movai   0xe1             	MOVAI	0xe1
000215   1e88     andra   0x8              	ANDRA	_MCR
                                           ;	.line	121; "MC30P6280.c"	MCR |= MCR_LVD_CFG_3V2;
000216   0b16     movai   0x16             	MOVAI	0x16
000217   1788     orra    0x8              	ORRA	_MCR
                                           ;	.line	122; "MC30P6280.c"	cur_lvd_state = LVD_LEV_3V2_SWITCHING;
000218   0b09     movai   0x9              	MOVAI	0x09
000219   15b5     movra   0x35             	MOVRA	_cur_lvd_state
                                           ;	.line	123; "MC30P6280.c"	break;
00021a   2a4a     goto    0x24a            	GOTO	_00128_DS_
                                           _00119_DS_
                                           ;	.line	125; "MC30P6280.c"	MCR &= ~MCR_LVD_CFG_ALL;
00021b   0be1     movai   0xe1             	MOVAI	0xe1
00021c   1e88     andra   0x8              	ANDRA	_MCR
                                           ;	.line	126; "MC30P6280.c"	MCR |= MCR_LVD_CFG_3V0;
00021d   0b14     movai   0x14             	MOVAI	0x14
00021e   1788     orra    0x8              	ORRA	_MCR
                                           ;	.line	127; "MC30P6280.c"	cur_lvd_state = LVD_LEV_3V0_SWITCHING;
00021f   0b0b     movai   0xb              	MOVAI	0x0b
000220   15b5     movra   0x35             	MOVRA	_cur_lvd_state
                                           ;	.line	128; "MC30P6280.c"	break;
000221   2a4a     goto    0x24a            	GOTO	_00128_DS_
                                           _00120_DS_
                                           ;	.line	130; "MC30P6280.c"	MCR &= ~MCR_LVD_CFG_ALL;
000222   0be1     movai   0xe1             	MOVAI	0xe1
000223   1e88     andra   0x8              	ANDRA	_MCR
                                           ;	.line	131; "MC30P6280.c"	MCR |= MCR_LVD_CFG_2V9;
000224   0b12     movai   0x12             	MOVAI	0x12
000225   1788     orra    0x8              	ORRA	_MCR
                                           ;	.line	132; "MC30P6280.c"	cur_lvd_state = LVD_LEV_2V9_SWITCHING;
000226   0b0d     movai   0xd              	MOVAI	0x0d
000227   15b5     movra   0x35             	MOVRA	_cur_lvd_state
                                           ;	.line	133; "MC30P6280.c"	break;
000228   2a4a     goto    0x24a            	GOTO	_00128_DS_
                                           _00121_DS_
                                           ;	.line	136; "MC30P6280.c"	cur_lvd_state = LVD_LEV_4V2;
000229   0b02     movai   0x2              	MOVAI	0x02
00022a   15b5     movra   0x35             	MOVRA	_cur_lvd_state
                                           ;	.line	137; "MC30P6280.c"	cur_cmp_bat_lev = BAT_LEV_4V2;
00022b   0b06     movai   0x6              	MOVAI	0x06
00022c   15af     movra   0x2f             	MOVRA	_cur_cmp_bat_lev
                                           ;	.line	138; "MC30P6280.c"	break;
00022d   2a4a     goto    0x24a            	GOTO	_00128_DS_
                                           _00122_DS_
                                           ;	.line	140; "MC30P6280.c"	cur_lvd_state = LVD_LEV_4V0;
00022e   0b04     movai   0x4              	MOVAI	0x04
00022f   15b5     movra   0x35             	MOVRA	_cur_lvd_state
                                           ;	.line	141; "MC30P6280.c"	cur_cmp_bat_lev = BAT_LEV_4V0;
000230   0b05     movai   0x5              	MOVAI	0x05
000231   15af     movra   0x2f             	MOVRA	_cur_cmp_bat_lev
                                           ;	.line	142; "MC30P6280.c"	break;
000232   2a4a     goto    0x24a            	GOTO	_00128_DS_
                                           _00123_DS_
                                           ;	.line	144; "MC30P6280.c"	cur_lvd_state = LVD_LEV_3V6;
000233   0b06     movai   0x6              	MOVAI	0x06
000234   15b5     movra   0x35             	MOVRA	_cur_lvd_state
                                           ;	.line	145; "MC30P6280.c"	cur_cmp_bat_lev = BAT_LEV_3V6;
000235   0b04     movai   0x4              	MOVAI	0x04
000236   15af     movra   0x2f             	MOVRA	_cur_cmp_bat_lev
                                           ;	.line	146; "MC30P6280.c"	break;
000237   2a4a     goto    0x24a            	GOTO	_00128_DS_
                                           _00124_DS_
                                           ;	.line	148; "MC30P6280.c"	cur_lvd_state = LVD_LEV_3V3;
000238   0b08     movai   0x8              	MOVAI	0x08
000239   15b5     movra   0x35             	MOVRA	_cur_lvd_state
                                           ;	.line	149; "MC30P6280.c"	cur_cmp_bat_lev = BAT_LEV_3V3;
00023a   0b03     movai   0x3              	MOVAI	0x03
00023b   15af     movra   0x2f             	MOVRA	_cur_cmp_bat_lev
                                           ;	.line	150; "MC30P6280.c"	break;
00023c   2a4a     goto    0x24a            	GOTO	_00128_DS_
                                           _00125_DS_
                                           ;	.line	152; "MC30P6280.c"	cur_lvd_state = LVD_LEV_3V2;
00023d   0b0a     movai   0xa              	MOVAI	0x0a
00023e   15b5     movra   0x35             	MOVRA	_cur_lvd_state
                                           ;	.line	153; "MC30P6280.c"	cur_cmp_bat_lev = BAT_LEV_3V2;
00023f   0b02     movai   0x2              	MOVAI	0x02
000240   15af     movra   0x2f             	MOVRA	_cur_cmp_bat_lev
                                           ;	.line	154; "MC30P6280.c"	break;
000241   2a4a     goto    0x24a            	GOTO	_00128_DS_
                                           _00126_DS_
                                           ;	.line	156; "MC30P6280.c"	cur_lvd_state = LVD_LEV_3V0;
000242   0b0c     movai   0xc              	MOVAI	0x0c
000243   15b5     movra   0x35             	MOVRA	_cur_lvd_state
                                           ;	.line	157; "MC30P6280.c"	cur_cmp_bat_lev = BAT_LEV_3V0;
000244   0b01     movai   0x1              	MOVAI	0x01
000245   15af     movra   0x2f             	MOVRA	_cur_cmp_bat_lev
                                           ;	.line	158; "MC30P6280.c"	break;
000246   2a4a     goto    0x24a            	GOTO	_00128_DS_
                                           _00127_DS_
                                           ;	.line	160; "MC30P6280.c"	cur_lvd_state = LVD_LEV_2V9;
000247   0b0e     movai   0xe              	MOVAI	0x0e
000248   15b5     movra   0x35             	MOVRA	_cur_lvd_state
                                           ;	.line	161; "MC30P6280.c"	cur_cmp_bat_lev = BAT_LEV_2V9;
000249   1daf     clrr    0x2f             	CLRR	_cur_cmp_bat_lev
                                           _00128_DS_
                                           ;	.line	165; "MC30P6280.c"	if (cur_lvd_state == LVD_LEV_4V2 || cur_lvd_state == LVD_LEV_4V0 ||
00024a   1635     movar   0x35             	MOVAR	_cur_lvd_state
00024b   0802     xorai   0x2              	XORAI	0x02
00024c   3103     jbset   0x3, 0x2         	JBSET	STATUS,2
00024d   2a4f     goto    0x24f            	GOTO	_00202_DS_
00024e   2a6c     goto    0x26c            	GOTO	_00142_DS_
                                           _00202_DS_
00024f   1635     movar   0x35             	MOVAR	_cur_lvd_state
000250   0804     xorai   0x4              	XORAI	0x04
000251   3103     jbset   0x3, 0x2         	JBSET	STATUS,2
000252   2a54     goto    0x254            	GOTO	_00203_DS_
000253   2a6c     goto    0x26c            	GOTO	_00142_DS_
                                           _00203_DS_
                                           ;	.line	166; "MC30P6280.c"	cur_lvd_state == LVD_LEV_3V6 || cur_lvd_state == LVD_LEV_3V3 ||
000254   1635     movar   0x35             	MOVAR	_cur_lvd_state
000255   0806     xorai   0x6              	XORAI	0x06
000256   3103     jbset   0x3, 0x2         	JBSET	STATUS,2
000257   2a59     goto    0x259            	GOTO	_00204_DS_
000258   2a6c     goto    0x26c            	GOTO	_00142_DS_
                                           _00204_DS_
000259   1635     movar   0x35             	MOVAR	_cur_lvd_state
00025a   0808     xorai   0x8              	XORAI	0x08
00025b   3103     jbset   0x3, 0x2         	JBSET	STATUS,2
00025c   2a5e     goto    0x25e            	GOTO	_00205_DS_
00025d   2a6c     goto    0x26c            	GOTO	_00142_DS_
                                           _00205_DS_
                                           ;	.line	167; "MC30P6280.c"	cur_lvd_state == LVD_LEV_3V2 || cur_lvd_state == LVD_LEV_3V0 ||
00025e   1635     movar   0x35             	MOVAR	_cur_lvd_state
00025f   080a     xorai   0xa              	XORAI	0x0a
000260   3103     jbset   0x3, 0x2         	JBSET	STATUS,2
000261   2a63     goto    0x263            	GOTO	_00206_DS_
000262   2a6c     goto    0x26c            	GOTO	_00142_DS_
                                           _00206_DS_
000263   1635     movar   0x35             	MOVAR	_cur_lvd_state
000264   080c     xorai   0xc              	XORAI	0x0c
000265   3103     jbset   0x3, 0x2         	JBSET	STATUS,2
000266   2a68     goto    0x268            	GOTO	_00207_DS_
000267   2a6c     goto    0x26c            	GOTO	_00142_DS_
                                           _00207_DS_
                                           ;	.line	168; "MC30P6280.c"	cur_lvd_state == LVD_LEV_2V9) {
000268   1635     movar   0x35             	MOVAR	_cur_lvd_state
000269   080e     xorai   0xe              	XORAI	0x0e
00026a   3103     jbset   0x3, 0x2         	JBSET	STATUS,2
00026b   2a8d     goto    0x28d            	GOTO	_00150_DS_
                                           _00142_DS_
                                           ;	.line	169; "MC30P6280.c"	if (LVDF) {
00026c   3288     jbset   0x8, 0x5         	JBSET	_MCRbits,5
00026d   2a7d     goto    0x27d            	GOTO	_00140_DS_
                                           ;	.line	175; "MC30P6280.c"	if (tmp_bat_lev >= cur_cmp_bat_lev) {
00026e   162f     movar   0x2f             	MOVAR	_cur_cmp_bat_lev
00026f   1230     rsubar  0x30             	RSUBAR	_tmp_bat_lev
000270   3003     jbset   0x3, 0           	JBSET	STATUS,0
000271   2a8d     goto    0x28d            	GOTO	_00150_DS_
                                           ;;genSkipc:3291: created from rifx:013B5EFC
                                           ;	.line	177; "MC30P6280.c"	if (cur_cmp_bat_lev != BAT_LEV_2V9) {
000272   0b00     movai   0                	MOVAI	0x00
000273   172f     orar    0x2f             	ORAR	_cur_cmp_bat_lev
000274   3503     jbclr   0x3, 0x2         	JBCLR	STATUS,2
000275   2a7b     goto    0x27b            	GOTO	_00130_DS_
                                           ;	.line	178; "MC30P6280.c"	tmp_bat_lev -= 1;
000276   1630     movar   0x30             	MOVAR	_tmp_bat_lev
000277   1597     movra   0x17             	MOVRA	r0x1023
000278   1b17     decar   0x17             	DECAR	r0x1023
000279   15b0     movra   0x30             	MOVRA	_tmp_bat_lev
00027a   2a8d     goto    0x28d            	GOTO	_00150_DS_
                                           _00130_DS_
                                           ;	.line	180; "MC30P6280.c"	tmp_bat_lev = BAT_LEV_2V9;
00027b   1db0     clrr    0x30             	CLRR	_tmp_bat_lev
00027c   2a8d     goto    0x28d            	GOTO	_00150_DS_
                                           _00140_DS_
                                           ;	.line	192; "MC30P6280.c"	if (tmp_bat_lev < cur_cmp_bat_lev) {
00027d   162f     movar   0x2f             	MOVAR	_cur_cmp_bat_lev
00027e   1230     rsubar  0x30             	RSUBAR	_tmp_bat_lev
00027f   3403     jbclr   0x3, 0           	JBCLR	STATUS,0
000280   2a8d     goto    0x28d            	GOTO	_00150_DS_
                                           ;;genSkipc:3291: created from rifx:013B5EFC
                                           ;	.line	194; "MC30P6280.c"	if (cur_cmp_bat_lev != BAT_LEV_4V2) {
000281   162f     movar   0x2f             	MOVAR	_cur_cmp_bat_lev
000282   0806     xorai   0x6              	XORAI	0x06
000283   3103     jbset   0x3, 0x2         	JBSET	STATUS,2
000284   2a86     goto    0x286            	GOTO	_00210_DS_
000285   2a8b     goto    0x28b            	GOTO	_00135_DS_
                                           _00210_DS_
                                           ;	.line	195; "MC30P6280.c"	tmp_bat_lev += 1;
000286   1630     movar   0x30             	MOVAR	_tmp_bat_lev
000287   1597     movra   0x17             	MOVRA	r0x1023
000288   1917     incar   0x17             	INCAR	r0x1023
000289   15b0     movra   0x30             	MOVRA	_tmp_bat_lev
00028a   2a8d     goto    0x28d            	GOTO	_00150_DS_
                                           _00135_DS_
                                           ;	.line	197; "MC30P6280.c"	tmp_bat_lev = BAT_LEV_4V2;
00028b   0b06     movai   0x6              	MOVAI	0x06
00028c   15b0     movra   0x30             	MOVRA	_tmp_bat_lev
                                           _00150_DS_
                                           ;	.line	202; "MC30P6280.c"	}
00028d   000c     return                   	RETURN	
                                           ; exit point of _lvd_scan
                                           
                                           ;***
                                           ;  pBlock Stats: dbName = C
                                           ;***
                                           ;entry:  _IO_Init	;Function start
                                           ; 2 exit points
                                           ;has an exit
                                           ;; Starting pCode block
                                           _IO_Init	;Function start
                                           ; 2 exit points
                                           ;	.line	81; "MC30P6280.c"	P1 = 0x00;    // 1:input 0:output
00028e   1d86     clrr    0x6              	CLRR	_P1
                                           ;	.line	82; "MC30P6280.c"	DDR1 = 0x00;  // 1:input 0:output
00028f   1dc6     clrr    0x46             	CLRR	_DDR1
                                           ;	.line	83; "MC30P6280.c"	PUCON = 0xff; // 0:Effective 1:invalid
000290   0bff     movai   0xff             	MOVAI	0xff
000291   158d     movra   0xd              	MOVRA	_PUCON
                                           ;	.line	84; "MC30P6280.c"	PDCON = 0xff; // 0:Effective 1:invalid
000292   0bff     movai   0xff             	MOVAI	0xff
000293   158b     movra   0xb              	MOVRA	_PDCON
                                           ;	.line	85; "MC30P6280.c"	ODCON = 0x00; // 0:推挽输出  1:开漏输出
000294   1d8c     clrr    0xc              	CLRR	_ODCON
                                           ;	.line	86; "MC30P6280.c"	}
000295   000c     return                   	RETURN	
                                           ; exit point of _IO_Init
                                           
                                           ;***
                                           ;  pBlock Stats: dbName = C
                                           ;***
                                           ;entry:  _C_RAM	;Function start
                                           ; 2 exit points
                                           ;has an exit
                                           ;; Starting pCode block
                                           _C_RAM	;Function start
                                           ; 2 exit points
                                           ;	.line	70; "MC30P6280.c"	__endasm;
                                           	;
000296   0b3f     movai   0x3f             	movai	0x3F;
000297   1584     movra   0x4              	movra	FSR;
000298   0b2f     movai   0x2f             	movai	47;
000299   15bf     movra   0x3f             	movra	0x3F;
00029a   1b84     decr    0x4              	decr	FSR;
00029b   1d80     clrr    0                	clrr	INDF;
00029c   1abf     djzr    0x3f             	djzr	0x3F;
00029d   2a9a     goto    0x29a            	goto	$ - 3;
00029e   1dbf     clrr    0x3f             	clrr	0x3F;
                                           	
                                           ;	.line	71; "MC30P6280.c"	}
00029f   000c     return                   	RETURN	
                                           ; exit point of _C_RAM
                                           
                                           
                                           ;	code size estimation:
                                           ;	  644+    0 =   644 instructions ( 1288 byte)
                                           
                                           	end
                                           ;--------------------------------------------------------
                                           ; File Created by SN-SDCC : SinoMCU ANSI-C Compiler
                                           ; Version 2.0.0 (Dec 11 2019) (MINGW32)
                                           ; This file was generated Sat May 09 10:50:43 2026
                                           ;--------------------------------------------------------
                                           ; MC30 port for the RISC core
                                           ;--------------------------------------------------------
                                           ;	.file	"timer0.c"
                                           	list	p=1K6280
                                           	radix dec
                                           	include "1K6280.inc"
                                           		LIST
                                           ;mc30p6280.inc    Standard Header File, Version 1.00 by Sinomcu
                                           		NOLIST
                                           ;--------------------------------------------------------
                                           ; external declarations
                                           ;--------------------------------------------------------
                                           	extern	_C_RAM
                                           	extern	_IO_Init
                                           	extern	_LVD_Init
                                           	extern	_Sys_Init
                                           	extern	_user_init
                                           	extern	_led_all_off
                                           	extern	_led1_on
                                           	extern	_led2_on
                                           	extern	_led3_on
                                           	extern	_led4_on
                                           	extern	_led_status_handle
                                           	extern	_led_refresh
                                           	extern	_key_scan
                                           	extern	_lvd_scan
                                           	extern	_timer1_init
                                           	extern	_INDFbits
                                           	extern	_T0CNTbits
                                           	extern	_PCLbits
                                           	extern	_STATUSbits
                                           	extern	_FSRbits
                                           	extern	_P1bits
                                           	extern	_MCRbits
                                           	extern	_P1KBCRbits
                                           	extern	_PCLATHbits
                                           	extern	_PDCONbits
                                           	extern	_ODCONbits
                                           	extern	_PUCONbits
                                           	extern	_INTEbits
                                           	extern	_INTFbits
                                           	extern	_T0CRbits
                                           	extern	_DDR1bits
                                           	extern	_TMRCRbits
                                           	extern	_T1CRbits
                                           	extern	_T1CNTbits
                                           	extern	_T1LOADbits
                                           	extern	_T1DATAbits
                                           	extern	_abuf
                                           	extern	_statusbuf
                                           	extern	_flag1
                                           	extern	_INDF
                                           	extern	_T0CNT
                                           	extern	_PCL
                                           	extern	_STATUS
                                           	extern	_FSR
                                           	extern	_P1
                                           	extern	_MCR
                                           	extern	_P1KBCR
                                           	extern	_PCLATH
                                           	extern	_PDCON
                                           	extern	_ODCON
                                           	extern	_PUCON
                                           	extern	_INTE
                                           	extern	_INTF
                                           	extern	_T0CR
                                           	extern	_DDR1
                                           	extern	_TMRCR
                                           	extern	_T1CR
                                           	extern	_T1CNT
                                           	extern	_T1LOAD
                                           	extern	_T1DATA
                                           
                                           	extern STK06
                                           	extern STK05
                                           	extern STK04
                                           	extern STK03
                                           	extern STK02
                                           	extern STK01
                                           	extern STK00
                                           ;--------------------------------------------------------
                                           ; global declarations
                                           ;--------------------------------------------------------
                                           	global	_timer0_init
                                           
                                           ;--------------------------------------------------------
                                           ; global definitions
                                           ;--------------------------------------------------------
                                           ;--------------------------------------------------------
                                           ; absolute symbol definitions
                                           ;--------------------------------------------------------
                                           ;--------------------------------------------------------
                                           ; compiler-defined variables
                                           ;--------------------------------------------------------
                                           ;--------------------------------------------------------
                                           ; initialized data
                                           ;--------------------------------------------------------
                                           
                                           ;@Allocation info for local variables in function 'timer0_init'
                                           ;@timer0_init C_RAM                     Allocated to registers ;size:2
                                           ;@timer0_init IO_Init                   Allocated to registers ;size:2
                                           ;@timer0_init LVD_Init                  Allocated to registers ;size:2
                                           ;@timer0_init Sys_Init                  Allocated to registers ;size:2
                                           ;@timer0_init user_init                 Allocated to registers ;size:2
                                           ;@timer0_init led_all_off               Allocated to registers ;size:2
                                           ;@timer0_init led1_on                   Allocated to registers ;size:2
                                           ;@timer0_init led2_on                   Allocated to registers ;size:2
                                           ;@timer0_init led3_on                   Allocated to registers ;size:2
                                           ;@timer0_init led4_on                   Allocated to registers ;size:2
                                           ;@timer0_init led_status_handle         Allocated to registers ;size:2
                                           ;@timer0_init led_refresh               Allocated to registers ;size:2
                                           ;@timer0_init key_scan                  Allocated to registers ;size:2
                                           ;@timer0_init lvd_scan                  Allocated to registers ;size:2
                                           ;@timer0_init timer1_init               Allocated to registers ;size:2
                                           ;@timer0_init INDFbits                  Allocated to registers ;size:1
                                           ;@timer0_init T0CNTbits                 Allocated to registers ;size:1
                                           ;@timer0_init PCLbits                   Allocated to registers ;size:1
                                           ;@timer0_init STATUSbits                Allocated to registers ;size:1
                                           ;@timer0_init FSRbits                   Allocated to registers ;size:1
                                           ;@timer0_init P1bits                    Allocated to registers ;size:1
                                           ;@timer0_init MCRbits                   Allocated to registers ;size:1
                                           ;@timer0_init P1KBCRbits                Allocated to registers ;size:1
                                           ;@timer0_init PCLATHbits                Allocated to registers ;size:1
                                           ;@timer0_init PDCONbits                 Allocated to registers ;size:1
                                           ;@timer0_init ODCONbits                 Allocated to registers ;size:1
                                           ;@timer0_init PUCONbits                 Allocated to registers ;size:1
                                           ;@timer0_init INTEbits                  Allocated to registers ;size:1
                                           ;@timer0_init INTFbits                  Allocated to registers ;size:1
                                           ;@timer0_init T0CRbits                  Allocated to registers ;size:1
                                           ;@timer0_init DDR1bits                  Allocated to registers ;size:1
                                           ;@timer0_init TMRCRbits                 Allocated to registers ;size:1
                                           ;@timer0_init T1CRbits                  Allocated to registers ;size:1
                                           ;@timer0_init T1CNTbits                 Allocated to registers ;size:1
                                           ;@timer0_init T1LOADbits                Allocated to registers ;size:1
                                           ;@timer0_init T1DATAbits                Allocated to registers ;size:1
                                           ;@timer0_init abuf                      Allocated to registers ;size:1
                                           ;@timer0_init statusbuf                 Allocated to registers ;size:1
                                           ;@timer0_init flag1                     Allocated to registers ;size:1
                                           ;@timer0_init INDF                      Allocated to registers ;size:1
                                           ;@timer0_init T0CNT                     Allocated to registers ;size:1
                                           ;@timer0_init PCL                       Allocated to registers ;size:1
                                           ;@timer0_init STATUS                    Allocated to registers ;size:1
                                           ;@timer0_init FSR                       Allocated to registers ;size:1
                                           ;@timer0_init P1                        Allocated to registers ;size:1
                                           ;@timer0_init MCR                       Allocated to registers ;size:1
                                           ;@timer0_init P1KBCR                    Allocated to registers ;size:1
                                           ;@timer0_init PCLATH                    Allocated to registers ;size:1
                                           ;@timer0_init PDCON                     Allocated to registers ;size:1
                                           ;@timer0_init ODCON                     Allocated to registers ;size:1
                                           ;@timer0_init PUCON                     Allocated to registers ;size:1
                                           ;@timer0_init INTE                      Allocated to registers ;size:1
                                           ;@timer0_init INTF                      Allocated to registers ;size:1
                                           ;@timer0_init T0CR                      Allocated to registers ;size:1
                                           ;@timer0_init DDR1                      Allocated to registers ;size:1
                                           ;@timer0_init TMRCR                     Allocated to registers ;size:1
                                           ;@timer0_init T1CR                      Allocated to registers ;size:1
                                           ;@timer0_init T1CNT                     Allocated to registers ;size:1
                                           ;@timer0_init T1LOAD                    Allocated to registers ;size:1
                                           ;@timer0_init T1DATA                    Allocated to registers ;size:1
                                           ;@end Allocation info for local variables in function 'timer0_init';
                                           
                                           ;--------------------------------------------------------
                                           ; overlayable items in internal ram 
                                           ;--------------------------------------------------------
                                           ;	udata_ovr
                                           ;--------------------------------------------------------
                                           ; code
                                           ;--------------------------------------------------------
                                           code_timer0	code
                                           ;***
                                           ;  pBlock Stats: dbName = C
                                           ;***
                                           ;entry:  _timer0_init	;Function start
                                           ; 2 exit points
                                           ;has an exit
                                           ;; Starting pCode block
                                           _timer0_init	;Function start
                                           ; 2 exit points
                                           ;	.line	16; "timer0.c"	T0CR = 0x05; // 时钟为CPU时钟，定时器 64 分频
000302   0b05     movai   0x5              	MOVAI	0x05
000303   15c1     movra   0x41             	MOVRA	_T0CR
                                           ;	.line	17; "timer0.c"	T0CNT = (u8)(255 - 125);
000304   0b82     movai   0x82             	MOVAI	0x82
000305   1581     movra   0x1              	MOVRA	_T0CNT
                                           ;	.line	18; "timer0.c"	T0IE = 1;
000306   380e     bset    0xe, 0           	BSET	_INTEbits,0
                                           ;	.line	19; "timer0.c"	}
000307   000c     return                   	RETURN	
                                           ; exit point of _timer0_init
                                           
                                           
                                           ;	code size estimation:
                                           ;	    6+    0 =     6 instructions (   12 byte)
                                           
                                           	end
                                           ;--------------------------------------------------------
                                           ; File Created by SN-SDCC : SinoMCU ANSI-C Compiler
                                           ; Version 2.0.0 (Dec 11 2019) (MINGW32)
                                           ; This file was generated Sat May 09 10:50:43 2026
                                           ;--------------------------------------------------------
                                           ; MC30 port for the RISC core
                                           ;--------------------------------------------------------
                                           ;	.file	"timer1.c"
                                           	list	p=1K6280
                                           	radix dec
                                           	include "1K6280.inc"
                                           		LIST
                                           ;mc30p6280.inc    Standard Header File, Version 1.00 by Sinomcu
                                           		NOLIST
                                           ;--------------------------------------------------------
                                           ; external declarations
                                           ;--------------------------------------------------------
                                           	extern	_C_RAM
                                           	extern	_IO_Init
                                           	extern	_LVD_Init
                                           	extern	_Sys_Init
                                           	extern	_user_init
                                           	extern	_led_all_off
                                           	extern	_led1_on
                                           	extern	_led2_on
                                           	extern	_led3_on
                                           	extern	_led4_on
                                           	extern	_led_status_handle
                                           	extern	_led_refresh
                                           	extern	_key_scan
                                           	extern	_lvd_scan
                                           	extern	_timer0_init
                                           	extern	_INDFbits
                                           	extern	_T0CNTbits
                                           	extern	_PCLbits
                                           	extern	_STATUSbits
                                           	extern	_FSRbits
                                           	extern	_P1bits
                                           	extern	_MCRbits
                                           	extern	_P1KBCRbits
                                           	extern	_PCLATHbits
                                           	extern	_PDCONbits
                                           	extern	_ODCONbits
                                           	extern	_PUCONbits
                                           	extern	_INTEbits
                                           	extern	_INTFbits
                                           	extern	_T0CRbits
                                           	extern	_DDR1bits
                                           	extern	_TMRCRbits
                                           	extern	_T1CRbits
                                           	extern	_T1CNTbits
                                           	extern	_T1LOADbits
                                           	extern	_T1DATAbits
                                           	extern	_abuf
                                           	extern	_statusbuf
                                           	extern	_flag1
                                           	extern	_INDF
                                           	extern	_T0CNT
                                           	extern	_PCL
                                           	extern	_STATUS
                                           	extern	_FSR
                                           	extern	_P1
                                           	extern	_MCR
                                           	extern	_P1KBCR
                                           	extern	_PCLATH
                                           	extern	_PDCON
                                           	extern	_ODCON
                                           	extern	_PUCON
                                           	extern	_INTE
                                           	extern	_INTF
                                           	extern	_T0CR
                                           	extern	_DDR1
                                           	extern	_TMRCR
                                           	extern	_T1CR
                                           	extern	_T1CNT
                                           	extern	_T1LOAD
                                           	extern	_T1DATA
                                           
                                           	extern STK06
                                           	extern STK05
                                           	extern STK04
                                           	extern STK03
                                           	extern STK02
                                           	extern STK01
                                           	extern STK00
                                           ;--------------------------------------------------------
                                           ; global declarations
                                           ;--------------------------------------------------------
                                           	global	_timer1_init
                                           
                                           ;--------------------------------------------------------
                                           ; global definitions
                                           ;--------------------------------------------------------
                                           ;--------------------------------------------------------
                                           ; absolute symbol definitions
                                           ;--------------------------------------------------------
                                           ;--------------------------------------------------------
                                           ; compiler-defined variables
                                           ;--------------------------------------------------------
                                           ;--------------------------------------------------------
                                           ; initialized data
                                           ;--------------------------------------------------------
                                           
                                           ;@Allocation info for local variables in function 'timer1_init'
                                           ;@timer1_init C_RAM                     Allocated to registers ;size:2
                                           ;@timer1_init IO_Init                   Allocated to registers ;size:2
                                           ;@timer1_init LVD_Init                  Allocated to registers ;size:2
                                           ;@timer1_init Sys_Init                  Allocated to registers ;size:2
                                           ;@timer1_init user_init                 Allocated to registers ;size:2
                                           ;@timer1_init led_all_off               Allocated to registers ;size:2
                                           ;@timer1_init led1_on                   Allocated to registers ;size:2
                                           ;@timer1_init led2_on                   Allocated to registers ;size:2
                                           ;@timer1_init led3_on                   Allocated to registers ;size:2
                                           ;@timer1_init led4_on                   Allocated to registers ;size:2
                                           ;@timer1_init led_status_handle         Allocated to registers ;size:2
                                           ;@timer1_init led_refresh               Allocated to registers ;size:2
                                           ;@timer1_init key_scan                  Allocated to registers ;size:2
                                           ;@timer1_init lvd_scan                  Allocated to registers ;size:2
                                           ;@timer1_init timer0_init               Allocated to registers ;size:2
                                           ;@timer1_init INDFbits                  Allocated to registers ;size:1
                                           ;@timer1_init T0CNTbits                 Allocated to registers ;size:1
                                           ;@timer1_init PCLbits                   Allocated to registers ;size:1
                                           ;@timer1_init STATUSbits                Allocated to registers ;size:1
                                           ;@timer1_init FSRbits                   Allocated to registers ;size:1
                                           ;@timer1_init P1bits                    Allocated to registers ;size:1
                                           ;@timer1_init MCRbits                   Allocated to registers ;size:1
                                           ;@timer1_init P1KBCRbits                Allocated to registers ;size:1
                                           ;@timer1_init PCLATHbits                Allocated to registers ;size:1
                                           ;@timer1_init PDCONbits                 Allocated to registers ;size:1
                                           ;@timer1_init ODCONbits                 Allocated to registers ;size:1
                                           ;@timer1_init PUCONbits                 Allocated to registers ;size:1
                                           ;@timer1_init INTEbits                  Allocated to registers ;size:1
                                           ;@timer1_init INTFbits                  Allocated to registers ;size:1
                                           ;@timer1_init T0CRbits                  Allocated to registers ;size:1
                                           ;@timer1_init DDR1bits                  Allocated to registers ;size:1
                                           ;@timer1_init TMRCRbits                 Allocated to registers ;size:1
                                           ;@timer1_init T1CRbits                  Allocated to registers ;size:1
                                           ;@timer1_init T1CNTbits                 Allocated to registers ;size:1
                                           ;@timer1_init T1LOADbits                Allocated to registers ;size:1
                                           ;@timer1_init T1DATAbits                Allocated to registers ;size:1
                                           ;@timer1_init abuf                      Allocated to registers ;size:1
                                           ;@timer1_init statusbuf                 Allocated to registers ;size:1
                                           ;@timer1_init flag1                     Allocated to registers ;size:1
                                           ;@timer1_init INDF                      Allocated to registers ;size:1
                                           ;@timer1_init T0CNT                     Allocated to registers ;size:1
                                           ;@timer1_init PCL                       Allocated to registers ;size:1
                                           ;@timer1_init STATUS                    Allocated to registers ;size:1
                                           ;@timer1_init FSR                       Allocated to registers ;size:1
                                           ;@timer1_init P1                        Allocated to registers ;size:1
                                           ;@timer1_init MCR                       Allocated to registers ;size:1
                                           ;@timer1_init P1KBCR                    Allocated to registers ;size:1
                                           ;@timer1_init PCLATH                    Allocated to registers ;size:1
                                           ;@timer1_init PDCON                     Allocated to registers ;size:1
                                           ;@timer1_init ODCON                     Allocated to registers ;size:1
                                           ;@timer1_init PUCON                     Allocated to registers ;size:1
                                           ;@timer1_init INTE                      Allocated to registers ;size:1
                                           ;@timer1_init INTF                      Allocated to registers ;size:1
                                           ;@timer1_init T0CR                      Allocated to registers ;size:1
                                           ;@timer1_init DDR1                      Allocated to registers ;size:1
                                           ;@timer1_init TMRCR                     Allocated to registers ;size:1
                                           ;@timer1_init T1CR                      Allocated to registers ;size:1
                                           ;@timer1_init T1CNT                     Allocated to registers ;size:1
                                           ;@timer1_init T1LOAD                    Allocated to registers ;size:1
                                           ;@timer1_init T1DATA                    Allocated to registers ;size:1
                                           ;@end Allocation info for local variables in function 'timer1_init';
                                           
                                           ;--------------------------------------------------------
                                           ; overlayable items in internal ram 
                                           ;--------------------------------------------------------
                                           ;	udata_ovr
                                           ;--------------------------------------------------------
                                           ; code
                                           ;--------------------------------------------------------
                                           code_timer1	code
                                           ;***
                                           ;  pBlock Stats: dbName = C
                                           ;***
                                           ;entry:  _timer1_init	;Function start
                                           ; 2 exit points
                                           ;has an exit
                                           ;; Starting pCode block
                                           _timer1_init	;Function start
                                           ; 2 exit points
                                           ;	.line	6; "timer1.c"	T1CR = 0x03; // Fcpu 8分频
000001   0b03     movai   0x3              	MOVAI	0x03
000002   15cc     movra   0x4c             	MOVRA	_T1CR
                                           ;	.line	8; "timer1.c"	T1LOAD = 100 - 1; // 100us
000003   0b63     movai   0x63             	MOVAI	0x63
000004   15ce     movra   0x4e             	MOVRA	_T1LOAD
                                           ;	.line	9; "timer1.c"	T1EN = 1;
000005   3bcc     bset    0x4c, 0x7        	BSET	_T1CRbits,7
                                           ;	.line	10; "timer1.c"	T1IE = 1;
000006   38cb     bset    0x4b, 0x1        	BSET	_TMRCRbits,1
                                           ;	.line	11; "timer1.c"	}
000007   000c     return                   	RETURN	
                                           ; exit point of _timer1_init
                                           
                                           
                                           ;	code size estimation:
                                           ;	    7+    0 =     7 instructions (   14 byte)
                                           
                                           	end
                                           ;--------------------------------------------------------
                                           ; File Created by SN-SDCC : SinoMCU ANSI-C Compiler
                                           ; Version 2.0.0 (Dec 11 2019) (MINGW32)
                                           ; This file was generated Sat May 09 10:50:43 2026
                                           ;--------------------------------------------------------
                                           ; MC30 port for the RISC core
                                           ;--------------------------------------------------------
                                           ;	.file	"MC30P6280.c"
                                           	list	p=1K6280
                                           	radix dec
                                           	include "1K6280.inc"
                                           ;--------------------------------------------------------
                                           ; external declarations
                                           ;--------------------------------------------------------
                                           	extern	_LVD_Init
                                           	extern	_led1_on
                                           	extern	_led2_on
                                           	extern	_led3_on
                                           	extern	_timer0_init
                                           	extern	_timer1_init
                                           	extern	_INDFbits
                                           	extern	_T0CNTbits
                                           	extern	_PCLbits
                                           	extern	_STATUSbits
                                           	extern	_FSRbits
                                           	extern	_P1bits
                                           	extern	_MCRbits
                                           	extern	_P1KBCRbits
                                           	extern	_PCLATHbits
                                           	extern	_PDCONbits
                                           	extern	_ODCONbits
                                           	extern	_PUCONbits
                                           	extern	_INTEbits
                                           	extern	_INTFbits
                                           	extern	_T0CRbits
                                           	extern	_DDR1bits
                                           	extern	_TMRCRbits
                                           	extern	_T1CRbits
                                           	extern	_T1CNTbits
                                           	extern	_T1LOADbits
                                           	extern	_T1DATAbits
                                           	extern	_INDF
                                           	extern	_T0CNT
                                           	extern	_PCL
                                           	extern	_STATUS
                                           	extern	_FSR
                                           	extern	_P1
                                           	extern	_MCR
                                           	extern	_P1KBCR
                                           	extern	_PCLATH
                                           	extern	_PDCON
                                           	extern	_ODCON
                                           	extern	_PUCON
                                           	extern	_INTE
                                           	extern	_INTF
                                           	extern	_T0CR
                                           	extern	_DDR1
                                           	extern	_TMRCR
                                           	extern	_T1CR
                                           	extern	_T1CNT
                                           	extern	_T1LOAD
                                           	extern	_T1DATA
                                           ;--------------------------------------------------------
                                           ; global declarations
                                           ;--------------------------------------------------------
                                           	global	_led_refresh
                                           	global	_led_status_handle
                                           	global	_key_scan
                                           	global	_led4_on
                                           	global	_led_all_off
                                           	global	_user_init
                                           	global	_Sys_Init
                                           	global	_lvd_scan
                                           	global	_IO_Init
                                           	global	_C_RAM
                                           	global	_delay_ms
                                           	global	_pen_pwr_on
                                           	global	_pen_pwr_off
                                           	global	_main
                                           	global	_int_isr
                                           	global	_abuf
                                           	global	_statusbuf
                                           	global	_flag1
                                           	global	_flag2
                                           	global	_cur_cmp_bat_lev
                                           	global	_tmp_bat_lev
                                           	global	_bat_lev
                                           	global	_pwr_off_cnt
                                           	global	_into_low_power_cnt
                                           	global	_charge_anim_phase
                                           	global	_charge_fully_cnt
                                           	global	_led_sta_reflash_cnt
                                           	global	_cur_key_id
                                           
                                           	global STK06
                                           	global STK05
                                           	global STK04
                                           	global STK03
                                           	global STK02
                                           	global STK01
                                           	global STK00
                                           
                                           sharebank udata_ovr 0x0010
                                           STK06	res 1
                                           STK05	res 1
                                           STK04	res 1
                                           STK03	res 1
                                           STK02	res 1
                                           STK01	res 1
                                           STK00	res 1
                                           
                                           ;--------------------------------------------------------
                                           ; global definitions
                                           ;--------------------------------------------------------
                                           UD_MC30P6280_0	udata
                                           _abuf	res	1
                                           
                                           UD_MC30P6280_1	udata
                                           _statusbuf	res	1
                                           
                                           UD_MC30P6280_2	udata
                                           _flag1	res	1
                                           
                                           UD_MC30P6280_3	udata
                                           _flag2	res	1
                                           
                                           ;--------------------------------------------------------
                                           ; absolute symbol definitions
                                           ;--------------------------------------------------------
                                           ;--------------------------------------------------------
                                           ; compiler-defined variables
                                           ;--------------------------------------------------------
                                           UDL_MC30P6280_0	udata
                                           r0x1023	res	1
                                           r0x101C	res	1
                                           r0x101B	res	1
                                           r0x101A	res	1
                                           r0x1019	res	1
                                           r0x101D	res	1
                                           r0x101E	res	1
                                           r0x101F	res	1
                                           r0x1020	res	1
                                           r0x1022	res	1
                                           r0x1021	res	1
                                           _int_isr_cnt_196608_97	res	1
                                           _int_isr_discharge_cnt_327680_103	res	1
                                           _int_isr_charge_cnt_327680_103	res	1
                                           ;--------------------------------------------------------
                                           ; initialized data
                                           ;--------------------------------------------------------
                                           
                                           ID_MC30P6280_0	idata
                                           _cur_cmp_bat_lev
                                           	db	0x00
                                           
                                           
                                           ID_MC30P6280_1	idata
                                           _tmp_bat_lev
                                           	db	0x00
                                           
                                           
                                           ID_MC30P6280_2	idata
                                           _bat_lev
                                           	db	0x00
                                           
                                           
                                           ID_MC30P6280_3	idata
                                           _pwr_off_cnt
                                           	db	0x00, 0x00, 0x00, 0x00
                                           
                                           
                                           ID_MC30P6280_4	idata
                                           _into_low_power_cnt
                                           	db	0x00
                                           
                                           
                                           ID_MC30P6280_5	idata
                                           _charge_anim_phase
                                           	db	0x00
                                           
                                           
                                           ID_MC30P6280_6	idata
                                           _charge_fully_cnt
                                           	db	0x00, 0x00
                                           
                                           
                                           ID_MC30P6280_7	idata
                                           _led_sta_reflash_cnt
                                           	db	0x00
                                           
                                           
                                           ID_MC30P6280_8	idata
                                           _cur_lvd_state
                                           	db	0x00
                                           
                                           
                                           ID_MC30P6280_9	idata
                                           _last_key_id
                                           	db	0x00
                                           
                                           
                                           ID_MC30P6280_10	idata
                                           _press_cnt
                                           	db	0x00
                                           
                                           
                                           ID_MC30P6280_11	idata
                                           _filter_cnt
                                           	db	0x00
                                           
                                           
                                           ID_MC30P6280_12	idata
                                           _filter_key_id
                                           	db	0x00
                                           
                                           
                                           ID_MC30P6280_13	idata
                                           _click_delay_cnt
                                           	db	0x00
                                           
                                           
                                           ID_MC30P6280_14	idata
                                           _click_cnt
                                           	db	0x00
                                           
                                           
                                           ID_MC30P6280_15	idata
                                           _cur_key_id
                                           	db	0x00
                                           
                                           
                                           ;@Allocation info for local variables in function 'C_RAM'
                                           ;@C_RAM IO_Init                   Allocated to registers ;size:2
                                           ;@C_RAM LVD_Init                  Allocated to registers ;size:2
                                           ;@C_RAM Sys_Init                  Allocated to registers ;size:2
                                           ;@C_RAM user_init                 Allocated to registers ;size:2
                                           ;@C_RAM led_all_off               Allocated to registers ;size:2
                                           ;@C_RAM led1_on                   Allocated to registers ;size:2
                                           ;@C_RAM led2_on                   Allocated to registers ;size:2
                                           ;@C_RAM led3_on                   Allocated to registers ;size:2
                                           ;@C_RAM led4_on                   Allocated to registers ;size:2
                                           ;@C_RAM led_status_handle         Allocated to registers ;size:2
                                           ;@C_RAM led_refresh               Allocated to registers ;size:2
                                           ;@C_RAM key_scan                  Allocated to registers ;size:2
                                           ;@C_RAM lvd_scan                  Allocated to registers ;size:2
                                           ;@C_RAM timer0_init               Allocated to registers ;size:2
                                           ;@C_RAM timer1_init               Allocated to registers ;size:2
                                           ;@C_RAM INDFbits                  Allocated to registers ;size:1
                                           ;@C_RAM T0CNTbits                 Allocated to registers ;size:1
                                           ;@C_RAM PCLbits                   Allocated to registers ;size:1
                                           ;@C_RAM STATUSbits                Allocated to registers ;size:1
                                           ;@C_RAM FSRbits                   Allocated to registers ;size:1
                                           ;@C_RAM P1bits                    Allocated to registers ;size:1
                                           ;@C_RAM MCRbits                   Allocated to registers ;size:1
                                           ;@C_RAM P1KBCRbits                Allocated to registers ;size:1
                                           ;@C_RAM PCLATHbits                Allocated to registers ;size:1
                                           ;@C_RAM PDCONbits                 Allocated to registers ;size:1
                                           ;@C_RAM ODCONbits                 Allocated to registers ;size:1
                                           ;@C_RAM PUCONbits                 Allocated to registers ;size:1
                                           ;@C_RAM INTEbits                  Allocated to registers ;size:1
                                           ;@C_RAM INTFbits                  Allocated to registers ;size:1
                                           ;@C_RAM T0CRbits                  Allocated to registers ;size:1
                                           ;@C_RAM DDR1bits                  Allocated to registers ;size:1
                                           ;@C_RAM TMRCRbits                 Allocated to registers ;size:1
                                           ;@C_RAM T1CRbits                  Allocated to registers ;size:1
                                           ;@C_RAM T1CNTbits                 Allocated to registers ;size:1
                                           ;@C_RAM T1LOADbits                Allocated to registers ;size:1
                                           ;@C_RAM T1DATAbits                Allocated to registers ;size:1
                                           ;@C_RAM abuf                      Allocated to registers ;size:1
                                           ;@C_RAM statusbuf                 Allocated to registers ;size:1
                                           ;@C_RAM flag1                     Allocated to registers ;size:1
                                           ;@C_RAM flag2                     Allocated to registers ;size:1
                                           ;@C_RAM cur_cmp_bat_lev           Allocated to registers ;size:1
                                           ;@C_RAM tmp_bat_lev               Allocated to registers ;size:1
                                           ;@C_RAM bat_lev                   Allocated to registers ;size:1
                                           ;@C_RAM pwr_off_cnt               Allocated to registers ;size:4
                                           ;@C_RAM into_low_power_cnt        Allocated to registers ;size:1
                                           ;@C_RAM charge_anim_phase         Allocated to registers ;size:1
                                           ;@C_RAM charge_fully_cnt          Allocated to registers ;size:2
                                           ;@C_RAM led_sta_reflash_cnt       Allocated to registers ;size:1
                                           ;@C_RAM cur_lvd_state             Allocated to registers ;size:1
                                           ;@C_RAM last_key_id               Allocated to registers ;size:1
                                           ;@C_RAM press_cnt                 Allocated to registers ;size:1
                                           ;@C_RAM filter_cnt                Allocated to registers ;size:1
                                           ;@C_RAM filter_key_id             Allocated to registers ;size:1
                                           ;@C_RAM click_delay_cnt           Allocated to registers ;size:1
                                           ;@C_RAM click_cnt                 Allocated to registers ;size:1
                                           ;@C_RAM cur_key_id                Allocated to registers ;size:1
                                           ;@C_RAM INDF                      Allocated to registers ;size:1
                                           ;@C_RAM T0CNT                     Allocated to registers ;size:1
                                           ;@C_RAM PCL                       Allocated to registers ;size:1
                                           ;@C_RAM STATUS                    Allocated to registers ;size:1
                                           ;@C_RAM FSR                       Allocated to registers ;size:1
                                           ;@C_RAM P1                        Allocated to registers ;size:1
                                           ;@C_RAM MCR                       Allocated to registers ;size:1
                                           ;@C_RAM P1KBCR                    Allocated to registers ;size:1
                                           ;@C_RAM PCLATH                    Allocated to registers ;size:1
                                           ;@C_RAM PDCON                     Allocated to registers ;size:1
                                           ;@C_RAM ODCON                     Allocated to registers ;size:1
                                           ;@C_RAM PUCON                     Allocated to registers ;size:1
                                           ;@C_RAM INTE                      Allocated to registers ;size:1
                                           ;@C_RAM INTF                      Allocated to registers ;size:1
                                           ;@C_RAM T0CR                      Allocated to registers ;size:1
                                           ;@C_RAM DDR1                      Allocated to registers ;size:1
                                           ;@C_RAM TMRCR                     Allocated to registers ;size:1
                                           ;@C_RAM T1CR                      Allocated to registers ;size:1
                                           ;@C_RAM T1CNT                     Allocated to registers ;size:1
                                           ;@C_RAM T1LOAD                    Allocated to registers ;size:1
                                           ;@C_RAM T1DATA                    Allocated to registers ;size:1
                                           ;@end Allocation info for local variables in function 'C_RAM';
                                           ;@Allocation info for local variables in function 'IO_Init'
                                           ;@end Allocation info for local variables in function 'IO_Init';
                                           ;@Allocation info for local variables in function 'lvd_scan'
                                           ;@end Allocation info for local variables in function 'lvd_scan';
                                           ;@Allocation info for local variables in function 'Sys_Init'
                                           ;@end Allocation info for local variables in function 'Sys_Init';
                                           ;@Allocation info for local variables in function 'delay_ms'
                                           ;@delay_ms xms                       Allocated to registers ;size:4
                                           ;@delay_ms i                         Allocated to registers r0x101D r0x101E ;size:2
                                           ;@end Allocation info for local variables in function 'delay_ms';
                                           ;@Allocation info for local variables in function 'user_init'
                                           ;@end Allocation info for local variables in function 'user_init';
                                           ;@Allocation info for local variables in function 'pen_pwr_on'
                                           ;@end Allocation info for local variables in function 'pen_pwr_on';
                                           ;@Allocation info for local variables in function 'pen_pwr_off'
                                           ;@end Allocation info for local variables in function 'pen_pwr_off';
                                           ;@Allocation info for local variables in function 'led_all_off'
                                           ;@end Allocation info for local variables in function 'led_all_off';
                                           ;@Allocation info for local variables in function 'led4_on'
                                           ;@end Allocation info for local variables in function 'led4_on';
                                           ;@Allocation info for local variables in function 'key_scan'
                                           ;@end Allocation info for local variables in function 'key_scan';
                                           ;@Allocation info for local variables in function 'led_status_handle'
                                           ;@end Allocation info for local variables in function 'led_status_handle';
                                           ;@Allocation info for local variables in function 'led_refresh'
                                           ;@end Allocation info for local variables in function 'led_refresh';
                                           ;@Allocation info for local variables in function 'main'
                                           ;@end Allocation info for local variables in function 'main';
                                           ;@Allocation info for local variables in function 'int_isr'
                                           ;@int_isr cnt                       Allocated to registers ;size:1
                                           ;@int_isr charge_cnt                Allocated to registers ;size:1
                                           ;@int_isr discharge_cnt             Allocated to registers ;size:1
                                           ;@end Allocation info for local variables in function 'int_isr';
                                           ;@Allocation info for local variables in function 'int_isr'
                                           ;@int_isr cnt                       Allocated to registers ;size:1
                                           ;@int_isr charge_cnt                Allocated to registers ;size:1
                                           ;@int_isr discharge_cnt             Allocated to registers ;size:1
                                           ;@end Allocation info for local variables in function 'int_isr';
                                           
                                           ;--------------------------------------------------------
                                           ; overlayable items in internal ram 
                                           ;--------------------------------------------------------
                                           ;	udata_ovr
                                           ;--------------------------------------------------------
                                           ; reset vector 
                                           ;--------------------------------------------------------
                                           STARTUP	code 0x0000
                                           	goto	_main
                                           ;--------------------------------------------------------
                                           ; interrupt and initialization code
                                           ;--------------------------------------------------------
                                           c_interrupt	code	0x8
                                           __sdcc_interrupt
                                           ;***
                                           ;  pBlock Stats: dbName = I
                                           ;***
                                           ;entry:  _int_isr	;Function start
                                           ; 0 exit points
                                           ;functions called:
                                           ;   _key_scan
                                           ;   _led_status_handle
                                           ;   _pen_pwr_off
                                           ;   _led_all_off
                                           ;   _pen_pwr_off
                                           ;   _lvd_scan
                                           ;   _led_refresh
                                           ;   _key_scan
                                           ;   _led_status_handle
                                           ;   _pen_pwr_off
                                           ;   _led_all_off
                                           ;   _pen_pwr_off
                                           ;   _lvd_scan
                                           ;   _led_refresh
                                           ;; Starting pCode block
                                           _int_isr	;Function start
                                           ; 0 exit points
                                           ;	.line	654; "MC30P6280.c"	__endasm;
                                           	;
                                           	movra	_abuf;
                                           	swapar	_STATUS;
                                           	movra	_statusbuf;
                                           	
                                           ;	.line	656; "MC30P6280.c"	if ((T0IF) && (T0IE)) {
                                           	JBSET	_INTFbits,0
                                           	GOTO	_00489_DS_
                                           	JBSET	_INTEbits,0
                                           	GOTO	_00489_DS_
                                           ;	.line	657; "MC30P6280.c"	T0IF = 0;
                                           	BCLR	_INTFbits,0
                                           ;	.line	658; "MC30P6280.c"	T0CNT = (u8)(255 - 125); // T0 目前1ms产生一次中断
                                           	MOVAI	0x82
                                           	MOVRA	_T0CNT
                                           ;	.line	662; "MC30P6280.c"	cnt++;
                                           	INCR	_int_isr_cnt_196608_97
                                           ;;unsigned compare: left < lit(0xA=10), size=1
                                           ;	.line	663; "MC30P6280.c"	if (cnt >= 10) {
                                           	MOVAI	0x0a
                                           	RSUBAR	_int_isr_cnt_196608_97
                                           	JBSET	STATUS,0
                                           	GOTO	_00480_DS_
                                           ;;genSkipc:3291: created from rifx:013B5EFC
                                           ;	.line	665; "MC30P6280.c"	cnt = 0;
                                           	CLRR	_int_isr_cnt_196608_97
                                           ;	.line	668; "MC30P6280.c"	key_scan();
                                           	CALL	_key_scan
                                           ;	.line	670; "MC30P6280.c"	led_status_handle();
                                           	CALL	_led_status_handle
                                           ;	.line	672; "MC30P6280.c"	if (flag_is_dev_working) {
                                           	JBSET	_flag1,6
                                           	GOTO	_00459_DS_
                                           ;;unsigned compare: left < lit(0x2BF20=180000), size=4
                                           ;	.line	674; "MC30P6280.c"	if (pwr_off_cnt < ((u32)30 * 60 * 1000 / 10)) {
                                           	MOVAI	0x00
                                           	RSUBAR	(_pwr_off_cnt + 3)
                                           	JBSET	STATUS,2
                                           	GOTO	_00573_DS_
                                           	MOVAI	0x02
                                           	RSUBAR	(_pwr_off_cnt + 2)
                                           	JBSET	STATUS,2
                                           	GOTO	_00573_DS_
                                           	MOVAI	0xbf
                                           	RSUBAR	(_pwr_off_cnt + 1)
                                           	JBSET	STATUS,2
                                           	GOTO	_00573_DS_
                                           	MOVAI	0x20
                                           	RSUBAR	_pwr_off_cnt
                                           _00573_DS_
                                           	JBCLR	STATUS,0
                                           	GOTO	_00460_DS_
                                           ;;genSkipc:3291: created from rifx:013B5EFC
                                           ;	.line	675; "MC30P6280.c"	pwr_off_cnt++;
                                           	INCR	_pwr_off_cnt
                                           	JBCLR	STATUS,2
                                           	INCR	(_pwr_off_cnt + 1)
                                           	JBCLR	STATUS,2
                                           	INCR	(_pwr_off_cnt + 2)
                                           	JBCLR	STATUS,2
                                           	INCR	(_pwr_off_cnt + 3)
                                           	GOTO	_00460_DS_
                                           _00459_DS_
                                           ;	.line	679; "MC30P6280.c"	pwr_off_cnt = 0;
                                           	CLRR	_pwr_off_cnt
                                           	CLRR	(_pwr_off_cnt + 1)
                                           	CLRR	(_pwr_off_cnt + 2)
                                           	CLRR	(_pwr_off_cnt + 3)
                                           _00460_DS_
                                           ;	.line	683; "MC30P6280.c"	if (flag_is_dev_working && bat_lev == BAT_LEV_2V9) {
                                           	JBSET	_flag1,6
                                           	GOTO	_00462_DS_
                                           	MOVAI	0x00
                                           	ORAR	_bat_lev
                                           	JBSET	STATUS,2
                                           	GOTO	_00462_DS_
                                           ;	.line	684; "MC30P6280.c"	pen_pwr_off();           // 断开笔头的供电
                                           	CALL	_pen_pwr_off
                                           ;	.line	685; "MC30P6280.c"	led_all_off();           // 关闭所有指示灯
                                           	CALL	_led_all_off
                                           ;	.line	686; "MC30P6280.c"	flag_is_dev_working = 0; // 表示设备关闭
                                           	BCLR	_flag1,6
                                           _00462_DS_
                                           ;	.line	693; "MC30P6280.c"	if (CHARGE_PIN) {
                                           	JBSET	_P1bits,3
                                           	GOTO	_00471_DS_
                                           ;	.line	694; "MC30P6280.c"	discharge_cnt = 0;
                                           	CLRR	_int_isr_discharge_cnt_327680_103
                                           ;	.line	695; "MC30P6280.c"	charge_cnt++;
                                           	INCR	_int_isr_charge_cnt_327680_103
                                           ;;unsigned compare: left < lit(0xA=10), size=1
                                           ;	.line	696; "MC30P6280.c"	if (charge_cnt >= 10) {
                                           	MOVAI	0x0a
                                           	RSUBAR	_int_isr_charge_cnt_327680_103
                                           	JBSET	STATUS,0
                                           	GOTO	_00472_DS_
                                           ;;genSkipc:3291: created from rifx:013B5EFC
                                           ;	.line	697; "MC30P6280.c"	charge_cnt = 0;
                                           	CLRR	_int_isr_charge_cnt_327680_103
                                           ;	.line	698; "MC30P6280.c"	if (0 == flag_is_in_charging) {
                                           	JBCLR	_flag1,0
                                           	GOTO	_00472_DS_
                                           ;	.line	703; "MC30P6280.c"	tmp_bat_lev = BAT_LEV_2V9;
                                           	CLRR	_tmp_bat_lev
                                           ;	.line	704; "MC30P6280.c"	bat_lev = BAT_LEV_2V9;
                                           	CLRR	_bat_lev
                                           ;	.line	705; "MC30P6280.c"	pen_pwr_off(); // 断开笔头的供电
                                           	CALL	_pen_pwr_off
                                           ;	.line	707; "MC30P6280.c"	flag_led_1_on = 0;
                                           	BCLR	_flag1,2
                                           ;	.line	708; "MC30P6280.c"	flag_led_2_on = 0;
                                           	BCLR	_flag1,3
                                           ;	.line	709; "MC30P6280.c"	flag_led_3_on = 0;
                                           	BCLR	_flag1,4
                                           ;	.line	710; "MC30P6280.c"	flag_led_4_on = 0;
                                           	BCLR	_flag1,5
                                           ;	.line	711; "MC30P6280.c"	flag_is_dev_working = 0; // 表示设备关闭
                                           	BCLR	_flag1,6
                                           ;	.line	713; "MC30P6280.c"	flag_is_charge_begin = 1;
                                           	BSET	_flag1,1
                                           ;	.line	714; "MC30P6280.c"	charge_anim_phase = 0;
                                           	CLRR	_charge_anim_phase
                                           ;	.line	715; "MC30P6280.c"	charge_fully_cnt = 0; // 刚进入充电，清空充满电的计数值
                                           	CLRR	_charge_fully_cnt
                                           	CLRR	(_charge_fully_cnt + 1)
                                           ;	.line	716; "MC30P6280.c"	flag_is_in_charging = 1;
                                           	BSET	_flag1,0
                                           	GOTO	_00472_DS_
                                           _00471_DS_
                                           ;	.line	723; "MC30P6280.c"	charge_cnt = 0;
                                           	CLRR	_int_isr_charge_cnt_327680_103
                                           ;	.line	724; "MC30P6280.c"	discharge_cnt++;
                                           	INCR	_int_isr_discharge_cnt_327680_103
                                           ;;unsigned compare: left < lit(0x64=100), size=1
                                           ;	.line	725; "MC30P6280.c"	if (discharge_cnt >= 100) {
                                           	MOVAI	0x64
                                           	RSUBAR	_int_isr_discharge_cnt_327680_103
                                           	JBSET	STATUS,0
                                           	GOTO	_00472_DS_
                                           ;;genSkipc:3291: created from rifx:013B5EFC
                                           ;	.line	726; "MC30P6280.c"	discharge_cnt = 0;
                                           	CLRR	_int_isr_discharge_cnt_327680_103
                                           ;	.line	727; "MC30P6280.c"	flag_is_in_charging = 0;
                                           	BCLR	_flag1,0
                                           _00472_DS_
                                           ;	.line	734; "MC30P6280.c"	if ((CHARGE_PIN == 0) && (flag_is_dev_working == 0)) {
                                           	JBCLR	_P1bits,3
                                           	GOTO	_00476_DS_
                                           	JBCLR	_flag1,6
                                           	GOTO	_00476_DS_
                                           ;;unsigned compare: left < lit(0xFF=255), size=1
                                           ;	.line	735; "MC30P6280.c"	if (into_low_power_cnt < 255) {
                                           	MOVAI	0xff
                                           	RSUBAR	_into_low_power_cnt
                                           	JBCLR	STATUS,0
                                           	GOTO	_00480_DS_
                                           ;;genSkipc:3291: created from rifx:013B5EFC
                                           ;	.line	736; "MC30P6280.c"	into_low_power_cnt++;
                                           	INCR	_into_low_power_cnt
                                           	GOTO	_00480_DS_
                                           _00476_DS_
                                           ;	.line	739; "MC30P6280.c"	into_low_power_cnt = 0;
                                           	CLRR	_into_low_power_cnt
                                           _00480_DS_
                                           ;	.line	744; "MC30P6280.c"	lvd_scan();
                                           	CALL	_lvd_scan
                                           ;	.line	747; "MC30P6280.c"	if (flag_is_dev_working) {
                                           	JBSET	_flag1,6
                                           	GOTO	_00486_DS_
                                           ;	.line	749; "MC30P6280.c"	if (bat_lev >= tmp_bat_lev) {
                                           	MOVAR	_tmp_bat_lev
                                           	RSUBAR	_bat_lev
                                           	JBSET	STATUS,0
                                           	GOTO	_00489_DS_
                                           ;;genSkipc:3291: created from rifx:013B5EFC
                                           ;	.line	750; "MC30P6280.c"	bat_lev = tmp_bat_lev;
                                           	MOVAR	_tmp_bat_lev
                                           	MOVRA	_bat_lev
                                           	GOTO	_00489_DS_
                                           _00486_DS_
                                           ;	.line	755; "MC30P6280.c"	if (bat_lev <= tmp_bat_lev) {
                                           	MOVAR	_bat_lev
                                           	RSUBAR	_tmp_bat_lev
                                           	JBSET	STATUS,0
                                           	GOTO	_00489_DS_
                                           ;;genSkipc:3291: created from rifx:013B5EFC
                                           ;	.line	756; "MC30P6280.c"	bat_lev = tmp_bat_lev;
                                           	MOVAR	_tmp_bat_lev
                                           	MOVRA	_bat_lev
                                           _00489_DS_
                                           ;	.line	763; "MC30P6280.c"	if ((T1IF) && (T1IE)) {
                                           	JBSET	_TMRCRbits,0
                                           	GOTO	_00492_DS_
                                           	JBSET	_TMRCRbits,1
                                           	GOTO	_00492_DS_
                                           ;	.line	764; "MC30P6280.c"	T1IF = 0;
                                           	BCLR	_TMRCRbits,0
                                           ;	.line	768; "MC30P6280.c"	led_refresh();
                                           	CALL	_led_refresh
                                           _00492_DS_
                                           ;	.line	788; "MC30P6280.c"	__endasm;
                                           	;
                                           	swapar	_statusbuf;
                                           	movra	_STATUS;
                                           	swapr	_abuf;
                                           	swapar	_abuf;
                                           	
                                           END_OF_INTERRUPT
                                           ;	.line	789; "MC30P6280.c"	}
                                           	RETIE	
                                           
                                           ;--------------------------------------------------------
                                           ; code
                                           ;--------------------------------------------------------
                                           code_MC30P6280	code
                                           ;***
                                           ;  pBlock Stats: dbName = M
                                           ;***
                                           ;entry:  _main	;Function start
                                           ; 2 exit points
                                           ;has an exit
                                           ;functions called:
                                           ;   _Sys_Init
                                           ;   _user_init
                                           ;   _Sys_Init
                                           ;   _user_init
                                           ;   _delay_ms
                                           ;   _Sys_Init
                                           ;   _user_init
                                           ;   _Sys_Init
                                           ;   _user_init
                                           ;   _delay_ms
                                           ;3 compiler assigned registers:
                                           ;   STK02
                                           ;   STK01
                                           ;   STK00
                                           ;; Starting pCode block
                                           _main	;Function start
                                           ; 2 exit points
                                           ;	.line	534; "MC30P6280.c"	Sys_Init();
                                           	CALL	_Sys_Init
                                           ;	.line	535; "MC30P6280.c"	user_init();
                                           	CALL	_user_init
                                           ;	.line	537; "MC30P6280.c"	into_low_power_cnt = (u8)((u16)2000 / 10); // 确保一上电就进入低功耗
                                           	MOVAI	0xc8
                                           	MOVRA	_into_low_power_cnt
                                           _00423_DS_
                                           ;	.line	547; "MC30P6280.c"	if ((flag_is_dev_working && pwr_off_cnt >= ((u32)30 * 60 * 1000 / 10)) ||
                                           	JBSET	_flag1,6
                                           	GOTO	_00421_DS_
                                           ;;unsigned compare: left < lit(0x2BF20=180000), size=4
                                           	MOVAI	0x00
                                           	RSUBAR	(_pwr_off_cnt + 3)
                                           	JBSET	STATUS,2
                                           	GOTO	_00451_DS_
                                           	MOVAI	0x02
                                           	RSUBAR	(_pwr_off_cnt + 2)
                                           	JBSET	STATUS,2
                                           	GOTO	_00451_DS_
                                           	MOVAI	0xbf
                                           	RSUBAR	(_pwr_off_cnt + 1)
                                           	JBSET	STATUS,2
                                           	GOTO	_00451_DS_
                                           	MOVAI	0x20
                                           	RSUBAR	_pwr_off_cnt
                                           _00451_DS_
                                           	JBCLR	STATUS,0
                                           	GOTO	_00411_DS_
                                           ;;genSkipc:3291: created from rifx:013B5EFC
                                           ;;unsigned compare: left < lit(0xC8=200), size=1
                                           _00421_DS_
                                           ;	.line	548; "MC30P6280.c"	into_low_power_cnt >= (u8)((u16)2000 / 10)) {
                                           	MOVAI	0xc8
                                           	RSUBAR	_into_low_power_cnt
                                           	JBSET	STATUS,0
                                           	GOTO	_00423_DS_
                                           ;;genSkipc:3291: created from rifx:013B5EFC
                                           _00411_DS_
                                           ;	.line	563; "MC30P6280.c"	GIE = 0; // 关闭总中断
                                           	BCLR	_INTEbits,7
                                           ;	.line	569; "MC30P6280.c"	T0IE = 0;  // 屏蔽 timer0 中断
                                           	BCLR	_INTEbits,0
                                           ;	.line	570; "MC30P6280.c"	T1IE = 0;  // 屏蔽 timer1 中断
                                           	BCLR	_TMRCRbits,1
                                           ;	.line	571; "MC30P6280.c"	T1EN = 0;  // 不使能定时器
                                           	BCLR	_T1CRbits,7
                                           ;	.line	572; "MC30P6280.c"	LVDEN = 0; // 关闭 lvd
                                           	BCLR	_MCRbits,0
                                           ;	.line	575; "MC30P6280.c"	PUCON = 0xFF; // 0:Effective 1:invalid
                                           	MOVAI	0xff
                                           	MOVRA	_PUCON
                                           ;	.line	576; "MC30P6280.c"	PDCON = 0xFF; // 0:Effective 1:invalid
                                           	MOVAI	0xff
                                           	MOVRA	_PDCON
                                           ;	.line	577; "MC30P6280.c"	DDR1 = 0xFF;  // 1:input 0:output
                                           	MOVAI	0xff
                                           	MOVRA	_DDR1
                                           ;	.line	579; "MC30P6280.c"	PUCON &= ~(0x01 << 0);             // 上拉 20K ， P10(按键检测脚)
                                           	BCLR	_PUCON,0
                                           ;	.line	580; "MC30P6280.c"	PUCON &= ~(0x01 << 1 | 0x01 << 2); // LED控制 A端和B端，打开上拉
                                           	MOVAI	0xf9
                                           	ANDRA	_PUCON
                                           ;	.line	586; "MC30P6280.c"	KBIF = 0; // 清除中断标志
                                           	BCLR	_INTFbits,1
                                           ;	.line	587; "MC30P6280.c"	KBIE = 1; // 使能键盘中断
                                           	BSET	_INTEbits,1
                                           ;	.line	591; "MC30P6280.c"	P1KBCR |= (0x01 << 0) | (0x01 << 3);
                                           	MOVAI	0x09
                                           	ORRA	_P1KBCR
                                           ;	.line	599; "MC30P6280.c"	Stop();
                                           	stop	
                                           ;	.line	600; "MC30P6280.c"	Nop();
                                           	nop	
                                           ;	.line	601; "MC30P6280.c"	Nop();
                                           	nop	
                                           ;	.line	604; "MC30P6280.c"	P1KBCR = 0; // 关闭所有键盘中断
                                           	CLRR	_P1KBCR
                                           ;	.line	605; "MC30P6280.c"	KBIE = 0;   // 关闭键盘中断
                                           	BCLR	_INTEbits,1
                                           ;	.line	606; "MC30P6280.c"	KBIF = 0;   // 清除 键盘中断 标志
                                           	BCLR	_INTFbits,1
                                           ;	.line	613; "MC30P6280.c"	Sys_Init();
                                           	CALL	_Sys_Init
                                           ;	.line	614; "MC30P6280.c"	user_init();
                                           	CALL	_user_init
                                           ;	.line	616; "MC30P6280.c"	if (CHARGE_PIN == 0) {
                                           	JBCLR	_P1bits,3
                                           	GOTO	_00413_DS_
                                           ;	.line	618; "MC30P6280.c"	tmp_bat_lev = BAT_LEV_4V2; // 唤醒后，给一个默认值
                                           	MOVAI	0x06
                                           	MOVRA	_tmp_bat_lev
                                           ;	.line	619; "MC30P6280.c"	bat_lev = BAT_LEV_4V2;
                                           	MOVAI	0x06
                                           	MOVRA	_bat_lev
                                           	GOTO	_00414_DS_
                                           _00413_DS_
                                           ;	.line	622; "MC30P6280.c"	tmp_bat_lev = BAT_LEV_2V9;
                                           	CLRR	_tmp_bat_lev
                                           ;	.line	623; "MC30P6280.c"	bat_lev = BAT_LEV_2V9;
                                           	CLRR	_bat_lev
                                           _00414_DS_
                                           ;	.line	630; "MC30P6280.c"	delay_ms(100);
                                           	MOVAI	0x64
                                           	MOVRA	STK02
                                           	MOVAI	0x00
                                           	MOVRA	STK01
                                           	MOVAI	0x00
                                           	MOVRA	STK00
                                           	MOVAI	0x00
                                           	CALL	_delay_ms
                                           ;	.line	631; "MC30P6280.c"	flag_is_led_show_enable = 1; // 确保电池电量更新后，再使能led显示
                                           	BSET	_flag2,0
                                           ;	.line	634; "MC30P6280.c"	if (CHARGE_PIN == 0 && bat_lev < BAT_LEV_3V0) {
                                           	JBCLR	_P1bits,3
                                           	GOTO	_00423_DS_
                                           ;;unsigned compare: left < lit(0x1=1), size=1
                                           	MOVAI	0x01
                                           	RSUBAR	_bat_lev
                                           	JBSET	STATUS,0
                                           	GOTO	_00411_DS_
                                           ;;genSkipc:3291: created from rifx:013B5EFC
                                           ;	.line	635; "MC30P6280.c"	goto label_low_power_in;
                                           	GOTO	_00423_DS_
                                           ;	.line	640; "MC30P6280.c"	}
                                           	RETURN	
                                           ; exit point of _main
                                           
                                           ;***
                                           ;  pBlock Stats: dbName = C
                                           ;***
                                           ;entry:  _led_refresh	;Function start
                                           ; 2 exit points
                                           ;has an exit
                                           ;functions called:
                                           ;   _led_all_off
                                           ;   _led4_on
                                           ;   _led_all_off
                                           ;   _led4_on
                                           ;; Starting pCode block
                                           _led_refresh	;Function start
                                           ; 2 exit points
                                           ;	.line	521; "MC30P6280.c"	if (0 == flag_is_led_show_enable) {
                                           	JBCLR	_flag2,0
                                           	GOTO	_00403_DS_
                                           ;	.line	522; "MC30P6280.c"	return;
                                           	GOTO	_00406_DS_
                                           _00403_DS_
                                           ;	.line	525; "MC30P6280.c"	led_all_off();
                                           	CALL	_led_all_off
                                           ;	.line	527; "MC30P6280.c"	if (flag_led_4_on) {
                                           	JBSET	_flag1,5
                                           	GOTO	_00406_DS_
                                           ;	.line	528; "MC30P6280.c"	led4_on();
                                           	CALL	_led4_on
                                           _00406_DS_
                                           ;	.line	530; "MC30P6280.c"	}
                                           	RETURN	
                                           ; exit point of _led_refresh
                                           
                                           ;***
                                           ;  pBlock Stats: dbName = C
                                           ;***
                                           ;entry:  _led_status_handle	;Function start
                                           ; 2 exit points
                                           ;has an exit
                                           ;1 compiler assigned register :
                                           ;   r0x1021
                                           ;; Starting pCode block
                                           _led_status_handle	;Function start
                                           ; 2 exit points
                                           ;	.line	472; "MC30P6280.c"	led_sta_reflash_cnt++;
                                           	INCR	_led_sta_reflash_cnt
                                           ;;unsigned compare: left < lit(0x32=50), size=1
                                           ;	.line	473; "MC30P6280.c"	if (led_sta_reflash_cnt >= (u8)(500 / 10)) {
                                           	MOVAI	0x32
                                           	RSUBAR	_led_sta_reflash_cnt
                                           	JBSET	STATUS,0
                                           	GOTO	_00356_DS_
                                           ;;genSkipc:3291: created from rifx:013B5EFC
                                           ;	.line	474; "MC30P6280.c"	led_sta_reflash_cnt = 0;
                                           	CLRR	_led_sta_reflash_cnt
                                           ;	.line	476; "MC30P6280.c"	if (flag_is_in_charging) {
                                           	JBSET	_flag1,0
                                           	GOTO	_00353_DS_
                                           ;	.line	478; "MC30P6280.c"	flag_led_4_on = ~flag_led_4_on;
                                           	CLRR	r0x1021
                                           	JBCLR	_flag1,5
                                           	INCR	r0x1021
                                           	COMAR	r0x1021
                                           	MOVRA	r0x1021
                                           	RRAR	r0x1021
                                           	JBSET	STATUS,0
                                           	BCLR	_flag1,5
                                           	JBCLR	STATUS,0
                                           	BSET	_flag1,5
                                           	GOTO	_00356_DS_
                                           _00353_DS_
                                           ;	.line	479; "MC30P6280.c"	} else if (flag_is_dev_working) {
                                           	JBSET	_flag1,6
                                           	GOTO	_00350_DS_
                                           ;;unsigned compare: left < lit(0x2=2), size=1
                                           ;	.line	488; "MC30P6280.c"	if (bat_lev >= BAT_LEV_3V2) {
                                           	MOVAI	0x02
                                           	RSUBAR	_bat_lev
                                           	JBSET	STATUS,0
                                           	GOTO	_00347_DS_
                                           ;;genSkipc:3291: created from rifx:013B5EFC
                                           ;	.line	489; "MC30P6280.c"	flag_led_4_on = 1;
                                           	BSET	_flag1,5
                                           	GOTO	_00356_DS_
                                           _00347_DS_
                                           ;	.line	493; "MC30P6280.c"	flag_led_4_on = ~flag_led_4_on;
                                           	CLRR	r0x1021
                                           	JBCLR	_flag1,5
                                           	INCR	r0x1021
                                           	COMAR	r0x1021
                                           	MOVRA	r0x1021
                                           	RRAR	r0x1021
                                           	JBSET	STATUS,0
                                           	BCLR	_flag1,5
                                           	JBCLR	STATUS,0
                                           	BSET	_flag1,5
                                           	GOTO	_00356_DS_
                                           _00350_DS_
                                           ;	.line	497; "MC30P6280.c"	flag_led_4_on = 0;
                                           	BCLR	_flag1,5
                                           _00356_DS_
                                           ;	.line	501; "MC30P6280.c"	if (flag_is_in_charging) {
                                           	JBSET	_flag1,0
                                           	GOTO	_00364_DS_
                                           ;;unsigned compare: left < lit(0x6=6), size=1
                                           ;	.line	503; "MC30P6280.c"	if (bat_lev >= BAT_LEV_4V2) {
                                           	MOVAI	0x06
                                           	RSUBAR	_bat_lev
                                           	JBSET	STATUS,0
                                           	GOTO	_00364_DS_
                                           ;;genSkipc:3291: created from rifx:013B5EFC
                                           ;;unsigned compare: left < lit(0x8CA0=36000), size=2
                                           ;	.line	504; "MC30P6280.c"	if (charge_fully_cnt < (u16)(((u32)6 * 60 * 1000) / 10)) {
                                           	MOVAI	0x8c
                                           	RSUBAR	(_charge_fully_cnt + 1)
                                           	JBSET	STATUS,2
                                           	GOTO	_00397_DS_
                                           	MOVAI	0xa0
                                           	RSUBAR	_charge_fully_cnt
                                           _00397_DS_
                                           	JBCLR	STATUS,0
                                           	GOTO	_00358_DS_
                                           ;;genSkipc:3291: created from rifx:013B5EFC
                                           ;	.line	507; "MC30P6280.c"	charge_fully_cnt++;
                                           	INCR	_charge_fully_cnt
                                           	JBCLR	STATUS,2
                                           	INCR	(_charge_fully_cnt + 1)
                                           	GOTO	_00364_DS_
                                           _00358_DS_
                                           ;	.line	509; "MC30P6280.c"	flag_led_4_on = 1;
                                           	BSET	_flag1,5
                                           _00364_DS_
                                           ;	.line	513; "MC30P6280.c"	}
                                           	RETURN	
                                           ; exit point of _led_status_handle
                                           
                                           ;***
                                           ;  pBlock Stats: dbName = C
                                           ;***
                                           ;entry:  _key_scan	;Function start
                                           ; 2 exit points
                                           ;has an exit
                                           ;functions called:
                                           ;   _led_all_off
                                           ;   _pen_pwr_on
                                           ;   _pen_pwr_off
                                           ;   _led_all_off
                                           ;   _pen_pwr_on
                                           ;   _pen_pwr_off
                                           ;1 compiler assigned register :
                                           ;   r0x1022
                                           ;; Starting pCode block
                                           _key_scan	;Function start
                                           ; 2 exit points
                                           ;	.line	351; "MC30P6280.c"	if (flag_is_in_charging) {
                                           	JBSET	_flag1,0
                                           	GOTO	_00251_DS_
                                           ;	.line	353; "MC30P6280.c"	last_key_id = 0;
                                           	CLRR	_last_key_id
                                           ;	.line	354; "MC30P6280.c"	press_cnt = 0;
                                           	CLRR	_press_cnt
                                           ;	.line	355; "MC30P6280.c"	filter_cnt = 0;
                                           	CLRR	_filter_cnt
                                           ;	.line	356; "MC30P6280.c"	filter_key_id = 0;
                                           	CLRR	_filter_key_id
                                           ;	.line	357; "MC30P6280.c"	click_delay_cnt = 0;
                                           	CLRR	_click_delay_cnt
                                           ;	.line	358; "MC30P6280.c"	click_cnt = 0;
                                           	CLRR	_click_cnt
                                           ;	.line	359; "MC30P6280.c"	cur_key_id = 0;
                                           	CLRR	_cur_key_id
                                           ;	.line	360; "MC30P6280.c"	return;
                                           	GOTO	_00283_DS_
                                           _00251_DS_
                                           ;	.line	363; "MC30P6280.c"	led_all_off();
                                           	CALL	_led_all_off
                                           ;	.line	366; "MC30P6280.c"	PUCON &= ~(0x01 << 0); // 上拉电阻 20K
                                           	BCLR	_PUCON,0
                                           ;	.line	367; "MC30P6280.c"	DDR1 |= 0x01 << 0;     // 输入模式
                                           	BSET	_DDR1,0
                                           ;	.line	374; "MC30P6280.c"	if (1 == KEY_SCAN_PIN) {
                                           	CLRR	r0x1022
                                           	JBCLR	_P1bits,0
                                           	INCR	r0x1022
                                           	MOVAR	r0x1022
                                           	XORAI	0x01
                                           	JBSET	STATUS,2
                                           	GOTO	_00253_DS_
                                           ;	.line	375; "MC30P6280.c"	cur_key_id = KEY_ID_NONE;
                                           	CLRR	_cur_key_id
                                           	GOTO	_00254_DS_
                                           _00253_DS_
                                           ;	.line	378; "MC30P6280.c"	cur_key_id = KEY_ID_VAILD;
                                           	MOVAI	0x01
                                           	MOVRA	_cur_key_id
                                           ;	.line	382; "MC30P6280.c"	pwr_off_cnt = 0;
                                           	CLRR	_pwr_off_cnt
                                           	CLRR	(_pwr_off_cnt + 1)
                                           	CLRR	(_pwr_off_cnt + 2)
                                           	CLRR	(_pwr_off_cnt + 3)
                                           ;	.line	383; "MC30P6280.c"	into_low_power_cnt = 0;
                                           	CLRR	_into_low_power_cnt
                                           _00254_DS_
                                           ;	.line	386; "MC30P6280.c"	if (cur_key_id != filter_key_id) {
                                           	MOVAR	_filter_key_id
                                           	XORAR	_cur_key_id
                                           	JBSET	STATUS,2
                                           	GOTO	_00337_DS_
                                           	GOTO	_00256_DS_
                                           _00337_DS_
                                           ;	.line	388; "MC30P6280.c"	filter_cnt = 0;
                                           	CLRR	_filter_cnt
                                           ;	.line	389; "MC30P6280.c"	filter_key_id = cur_key_id;
                                           	MOVAR	_cur_key_id
                                           	MOVRA	_filter_key_id
                                           ;	.line	390; "MC30P6280.c"	return;
                                           	GOTO	_00283_DS_
                                           ;;unsigned compare: left < lit(0x3=3), size=1
                                           _00256_DS_
                                           ;	.line	393; "MC30P6280.c"	if (filter_cnt < KEY_FILTER_TIMES) {
                                           	MOVAI	0x03
                                           	RSUBAR	_filter_cnt
                                           	JBCLR	STATUS,0
                                           	GOTO	_00258_DS_
                                           ;;genSkipc:3291: created from rifx:013B5EFC
                                           ;	.line	396; "MC30P6280.c"	filter_cnt++;
                                           	INCR	_filter_cnt
                                           ;	.line	397; "MC30P6280.c"	return;
                                           	GOTO	_00283_DS_
                                           _00258_DS_
                                           ;	.line	401; "MC30P6280.c"	if (last_key_id != cur_key_id) {
                                           	MOVAR	_cur_key_id
                                           	XORAR	_last_key_id
                                           	JBSET	STATUS,2
                                           	GOTO	_00339_DS_
                                           	GOTO	_00281_DS_
                                           _00339_DS_
                                           ;	.line	404; "MC30P6280.c"	if (cur_key_id == KEY_ID_NONE) {
                                           	MOVAI	0x00
                                           	ORAR	_cur_key_id
                                           	JBSET	STATUS,2
                                           	GOTO	_00260_DS_
                                           ;	.line	406; "MC30P6280.c"	click_delay_cnt = 0;
                                           	CLRR	_click_delay_cnt
                                           	GOTO	_00282_DS_
                                           _00260_DS_
                                           ;	.line	410; "MC30P6280.c"	press_cnt = 0; // 重置按键按下时间计数
                                           	CLRR	_press_cnt
                                           ;	.line	411; "MC30P6280.c"	click_cnt++;
                                           	INCR	_click_cnt
                                           	GOTO	_00282_DS_
                                           _00281_DS_
                                           ;	.line	421; "MC30P6280.c"	if (cur_key_id == KEY_ID_NONE) { // 没有按键按下，说明松手
                                           	MOVAI	0x00
                                           	ORAR	_cur_key_id
                                           	JBSET	STATUS,2
                                           	GOTO	_00278_DS_
                                           ;	.line	422; "MC30P6280.c"	if (click_cnt > 0) {
                                           	MOVAI	0x00
                                           	ORAR	_click_cnt
                                           	JBCLR	STATUS,2
                                           	GOTO	_00282_DS_
                                           ;;unsigned compare: left < lit(0x1E=30), size=1
                                           ;	.line	423; "MC30P6280.c"	if (click_delay_cnt >= KEY_CLICK_DELAY_TIME) {
                                           	MOVAI	0x1e
                                           	RSUBAR	_click_delay_cnt
                                           	JBSET	STATUS,0
                                           	GOTO	_00271_DS_
                                           ;;genSkipc:3291: created from rifx:013B5EFC
                                           ;	.line	424; "MC30P6280.c"	if (click_cnt == 1) {
                                           	MOVAR	_click_cnt
                                           	XORAI	0x01
                                           	JBSET	STATUS,2
                                           	GOTO	_00341_DS_
                                           	GOTO	_00267_DS_
                                           _00341_DS_
                                           ;	.line	429; "MC30P6280.c"	flag_is_dev_working = ~flag_is_dev_working;
                                           	CLRR	r0x1022
                                           	JBCLR	_flag1,6
                                           	INCR	r0x1022
                                           	COMAR	r0x1022
                                           	MOVRA	r0x1022
                                           	RRAR	r0x1022
                                           	JBSET	STATUS,0
                                           	BCLR	_flag1,6
                                           	JBCLR	STATUS,0
                                           	BSET	_flag1,6
                                           ;	.line	433; "MC30P6280.c"	if (flag_is_dev_working) {
                                           	JBSET	_flag1,6
                                           	GOTO	_00263_DS_
                                           ;	.line	434; "MC30P6280.c"	pen_pwr_on();
                                           	CALL	_pen_pwr_on
                                           ;	.line	436; "MC30P6280.c"	led_sta_reflash_cnt = (u8)(500 / 10);
                                           	MOVAI	0x32
                                           	MOVRA	_led_sta_reflash_cnt
                                           	GOTO	_00267_DS_
                                           _00263_DS_
                                           ;	.line	439; "MC30P6280.c"	pen_pwr_off();
                                           	CALL	_pen_pwr_off
                                           ;	.line	440; "MC30P6280.c"	flag_led_1_on = 0;
                                           	BCLR	_flag1,2
                                           ;	.line	441; "MC30P6280.c"	flag_led_2_on = 0;
                                           	BCLR	_flag1,3
                                           ;	.line	442; "MC30P6280.c"	flag_led_3_on = 0;
                                           	BCLR	_flag1,4
                                           ;	.line	443; "MC30P6280.c"	flag_led_4_on = 0;
                                           	BCLR	_flag1,5
                                           _00267_DS_
                                           ;	.line	447; "MC30P6280.c"	click_cnt = 0; // 处理完事件后,清空连击的次数
                                           	CLRR	_click_cnt
                                           	GOTO	_00282_DS_
                                           ;;unsigned compare: left < lit(0xFF=255), size=1
                                           _00271_DS_
                                           ;	.line	449; "MC30P6280.c"	if (click_delay_cnt < 255) {
                                           	MOVAI	0xff
                                           	RSUBAR	_click_delay_cnt
                                           	JBCLR	STATUS,0
                                           	GOTO	_00282_DS_
                                           ;;genSkipc:3291: created from rifx:013B5EFC
                                           ;	.line	451; "MC30P6280.c"	click_delay_cnt++;
                                           	INCR	_click_delay_cnt
                                           	GOTO	_00282_DS_
                                           ;;unsigned compare: left < lit(0xFF=255), size=1
                                           _00278_DS_
                                           ;	.line	460; "MC30P6280.c"	if (press_cnt < 255) {
                                           	MOVAI	0xff
                                           	RSUBAR	_press_cnt
                                           	JBCLR	STATUS,0
                                           	GOTO	_00282_DS_
                                           ;;genSkipc:3291: created from rifx:013B5EFC
                                           ;	.line	461; "MC30P6280.c"	press_cnt++;
                                           	INCR	_press_cnt
                                           _00282_DS_
                                           ;	.line	466; "MC30P6280.c"	last_key_id = cur_key_id;
                                           	MOVAR	_cur_key_id
                                           	MOVRA	_last_key_id
                                           _00283_DS_
                                           ;	.line	467; "MC30P6280.c"	}
                                           	RETURN	
                                           ; exit point of _key_scan
                                           
                                           ;***
                                           ;  pBlock Stats: dbName = C
                                           ;***
                                           ;entry:  _led4_on	;Function start
                                           ; 2 exit points
                                           ;has an exit
                                           ;; Starting pCode block
                                           _led4_on	;Function start
                                           ; 2 exit points
                                           ;	.line	341; "MC30P6280.c"	P1 &= ~(0x01 << 0);   // P10 输出低电平
                                           	BCLR	_P1,0
                                           ;	.line	342; "MC30P6280.c"	DDR1 &= ~(0x01 << 0); // P10 输出模式
                                           	BCLR	_DDR1,0
                                           ;	.line	344; "MC30P6280.c"	P1 |= (0x01 << 2);    // P12 输出高电平
                                           	BSET	_P1,2
                                           ;	.line	345; "MC30P6280.c"	DDR1 &= ~(0x01 << 2); // P12 输出模式
                                           	BCLR	_DDR1,2
                                           ;	.line	346; "MC30P6280.c"	}
                                           	RETURN	
                                           ; exit point of _led4_on
                                           
                                           ;***
                                           ;  pBlock Stats: dbName = C
                                           ;***
                                           ;entry:  _led_all_off	;Function start
                                           ; 2 exit points
                                           ;has an exit
                                           ;; Starting pCode block
                                           _led_all_off	;Function start
                                           ; 2 exit points
                                           ;	.line	286; "MC30P6280.c"	PUCON |= (0x01 << 0 | 0x01 << 1 | 0x01 << 2);
                                           	MOVAI	0x07
                                           	ORRA	_PUCON
                                           ;	.line	291; "MC30P6280.c"	(0x01 << 2);  // P12
                                           	MOVAI	0x07
                                           	ORRA	_DDR1
                                           ;	.line	293; "MC30P6280.c"	}
                                           	RETURN	
                                           ; exit point of _led_all_off
                                           
                                           ;***
                                           ;  pBlock Stats: dbName = C
                                           ;***
                                           ;entry:  _pen_pwr_off	;Function start
                                           ; 2 exit points
                                           ;has an exit
                                           ;; Starting pCode block
                                           _pen_pwr_off	;Function start
                                           ; 2 exit points
                                           ;	.line	273; "MC30P6280.c"	PUCON |= (0x01 << 4); // 不使能上拉
                                           	BSET	_PUCON,4
                                           ;	.line	274; "MC30P6280.c"	PDCON |= (0x01 << 4); // 不使能下拉
                                           	BSET	_PDCON,4
                                           ;	.line	275; "MC30P6280.c"	DDR1 |= 0x01 << 4;    // P14 输入模式
                                           	BSET	_DDR1,4
                                           ;	.line	277; "MC30P6280.c"	}
                                           	RETURN	
                                           ; exit point of _pen_pwr_off
                                           
                                           ;***
                                           ;  pBlock Stats: dbName = C
                                           ;***
                                           ;entry:  _pen_pwr_on	;Function start
                                           ; 2 exit points
                                           ;has an exit
                                           ;; Starting pCode block
                                           _pen_pwr_on	;Function start
                                           ; 2 exit points
                                           ;	.line	265; "MC30P6280.c"	DDR1 &= ~(0x01 << 4); // 输出模式
                                           	BCLR	_DDR1,4
                                           ;	.line	266; "MC30P6280.c"	P14D = 0;             // 输出低电平
                                           	BCLR	_P1bits,4
                                           ;	.line	268; "MC30P6280.c"	}
                                           	RETURN	
                                           ; exit point of _pen_pwr_on
                                           
                                           ;***
                                           ;  pBlock Stats: dbName = C
                                           ;***
                                           ;entry:  _user_init	;Function start
                                           ; 2 exit points
                                           ;has an exit
                                           ;functions called:
                                           ;   _timer0_init
                                           ;   _timer1_init
                                           ;   _delay_ms
                                           ;   _timer0_init
                                           ;   _timer1_init
                                           ;   _delay_ms
                                           ;3 compiler assigned registers:
                                           ;   STK02
                                           ;   STK01
                                           ;   STK00
                                           ;; Starting pCode block
                                           _user_init	;Function start
                                           ; 2 exit points
                                           ;	.line	236; "MC30P6280.c"	PUCON &= ~(0x01 << 0); // 上拉电阻 20K
                                           	BCLR	_PUCON,0
                                           ;	.line	237; "MC30P6280.c"	DDR1 |= 0x01 << 0;     // 输入模式
                                           	BSET	_DDR1,0
                                           ;	.line	240; "MC30P6280.c"	DDR1 |= 0x01 << 4; // P14 输入模式
                                           	BSET	_DDR1,4
                                           ;	.line	243; "MC30P6280.c"	DDR1 |= 0x01 << 5; // 输入模式
                                           	BSET	_DDR1,5
                                           ;	.line	246; "MC30P6280.c"	DDR1 |= 0x01 << 3;
                                           	BSET	_DDR1,3
                                           ;	.line	248; "MC30P6280.c"	timer0_init();
                                           	CALL	_timer0_init
                                           ;	.line	249; "MC30P6280.c"	timer1_init();
                                           	CALL	_timer1_init
                                           ;	.line	259; "MC30P6280.c"	delay_ms(1); // 等待系统稳定
                                           	MOVAI	0x01
                                           	MOVRA	STK02
                                           	MOVAI	0x00
                                           	MOVRA	STK01
                                           	MOVAI	0x00
                                           	MOVRA	STK00
                                           	MOVAI	0x00
                                           	CALL	_delay_ms
                                           ;	.line	260; "MC30P6280.c"	}
                                           	RETURN	
                                           ; exit point of _user_init
                                           
                                           ;***
                                           ;  pBlock Stats: dbName = C
                                           ;***
                                           ;entry:  _delay_ms	;Function start
                                           ; 2 exit points
                                           ;has an exit
                                           ;11 compiler assigned registers:
                                           ;   r0x1019
                                           ;   STK00
                                           ;   r0x101A
                                           ;   STK01
                                           ;   r0x101B
                                           ;   STK02
                                           ;   r0x101C
                                           ;   r0x101D
                                           ;   r0x101E
                                           ;   r0x101F
                                           ;   r0x1020
                                           ;; Starting pCode block
                                           _delay_ms	;Function start
                                           ; 2 exit points
                                           ;	.line	220; "MC30P6280.c"	void delay_ms(u32 xms)
                                           	MOVRA	r0x1019
                                           	MOVAR	STK00
                                           	MOVRA	r0x101A
                                           	MOVAR	STK01
                                           	MOVRA	r0x101B
                                           	MOVAR	STK02
                                           	MOVRA	r0x101C
                                           _00222_DS_
                                           ;	.line	222; "MC30P6280.c"	while (xms) {
                                           	MOVAR	r0x101C
                                           	ORAR	r0x101B
                                           	ORAR	r0x101A
                                           	ORAR	r0x1019
                                           	JBCLR	STATUS,2
                                           	GOTO	_00225_DS_
                                           ;	.line	224; "MC30P6280.c"	while (i--) {
                                           	MOVAI	0x13
                                           	MOVRA	r0x101D
                                           	MOVAI	0x02
                                           	MOVRA	r0x101E
                                           _00219_DS_
                                           	MOVAR	r0x101D
                                           	MOVRA	r0x101F
                                           	MOVAR	r0x101E
                                           	MOVRA	r0x1020
                                           	MOVAI	0xff
                                           	ADDRA	r0x101D
                                           	JBSET	STATUS,0
                                           	DECR	r0x101E
                                           	MOVAR	r0x101F
                                           	ORAR	r0x1020
                                           	JBCLR	STATUS,2
                                           	GOTO	_00221_DS_
                                           ;	.line	225; "MC30P6280.c"	Nop();
                                           	nop	
                                           	GOTO	_00219_DS_
                                           _00221_DS_
                                           ;	.line	227; "MC30P6280.c"	xms--;
                                           	MOVAI	0xff
                                           	ADDRA	r0x101C
                                           	MOVAI	0xff
                                           	JBSET	STATUS,0
                                           	ADDRA	r0x101B
                                           	MOVAI	0xff
                                           	JBSET	STATUS,0
                                           	ADDRA	r0x101A
                                           	MOVAI	0xff
                                           	JBSET	STATUS,0
                                           	ADDRA	r0x1019
                                           	GOTO	_00222_DS_
                                           _00225_DS_
                                           ;	.line	229; "MC30P6280.c"	}
                                           	RETURN	
                                           ; exit point of _delay_ms
                                           
                                           ;***
                                           ;  pBlock Stats: dbName = C
                                           ;***
                                           ;entry:  _Sys_Init	;Function start
                                           ; 2 exit points
                                           ;has an exit
                                           ;functions called:
                                           ;   _C_RAM
                                           ;   _IO_Init
                                           ;   _C_RAM
                                           ;   _IO_Init
                                           ;; Starting pCode block
                                           _Sys_Init	;Function start
                                           ; 2 exit points
                                           ;	.line	212; "MC30P6280.c"	GIE = 0;
                                           	BCLR	_INTEbits,7
                                           ;	.line	213; "MC30P6280.c"	C_RAM();
                                           	CALL	_C_RAM
                                           ;	.line	214; "MC30P6280.c"	IO_Init();
                                           	CALL	_IO_Init
                                           ;	.line	215; "MC30P6280.c"	GIE = 1;
                                           	BSET	_INTEbits,7
                                           ;	.line	216; "MC30P6280.c"	}
                                           	RETURN	
                                           ; exit point of _Sys_Init
                                           
                                           ;***
                                           ;  pBlock Stats: dbName = C
                                           ;***
                                           ;entry:  _lvd_scan	;Function start
                                           ; 2 exit points
                                           ;has an exit
                                           ;1 compiler assigned register :
                                           ;   r0x1023
                                           ;; Starting pCode block
                                           _lvd_scan	;Function start
                                           ; 2 exit points
                                           ;	.line	94; "MC30P6280.c"	LVDEN = 1; // 使能 LVD
                                           	BSET	_MCRbits,0
                                           ;	.line	96; "MC30P6280.c"	switch (cur_lvd_state) {
                                           	MOVAR	_cur_lvd_state
                                           	MOVRA	r0x1023
                                           ;;swapping arguments (AOP_TYPEs 1/2)
                                           ;;unsigned compare: left >= lit(0xF=15), size=1
                                           	MOVAI	0x0f
                                           	RSUBAR	r0x1023
                                           	JBCLR	STATUS,0
                                           	GOTO	_00128_DS_
                                           ;;genSkipc:3291: created from rifx:013B5EFC
                                           	MOVAI	HIGH(_00201_DS_)
                                           	MOVRA	PCLATH
                                           	MOVAI	_00201_DS_
                                           	ADDAR	r0x1023
                                           	JBCLR	STATUS,0
                                           	INCR	PCLATH
                                           	MOVRA	PCL
                                           _00201_DS_
                                           	GOTO	_00114_DS_
                                           	GOTO	_00121_DS_
                                           	GOTO	_00115_DS_
                                           	GOTO	_00122_DS_
                                           	GOTO	_00116_DS_
                                           	GOTO	_00123_DS_
                                           	GOTO	_00117_DS_
                                           	GOTO	_00124_DS_
                                           	GOTO	_00118_DS_
                                           	GOTO	_00125_DS_
                                           	GOTO	_00119_DS_
                                           	GOTO	_00126_DS_
                                           	GOTO	_00120_DS_
                                           	GOTO	_00127_DS_
                                           	GOTO	_00114_DS_
                                           _00114_DS_
                                           ;	.line	100; "MC30P6280.c"	MCR &= ~MCR_LVD_CFG_ALL;
                                           	MOVAI	0xe1
                                           	ANDRA	_MCR
                                           ;	.line	101; "MC30P6280.c"	MCR |= MCR_LVD_CFG_4V2;
                                           	MOVAI	0x1e
                                           	ORRA	_MCR
                                           ;	.line	102; "MC30P6280.c"	cur_lvd_state = LVD_LEV_4V2_SWITCHING;
                                           	MOVAI	0x01
                                           	MOVRA	_cur_lvd_state
                                           ;	.line	103; "MC30P6280.c"	break;
                                           	GOTO	_00128_DS_
                                           _00115_DS_
                                           ;	.line	105; "MC30P6280.c"	MCR &= ~MCR_LVD_CFG_ALL;
                                           	MOVAI	0xe1
                                           	ANDRA	_MCR
                                           ;	.line	106; "MC30P6280.c"	MCR |= MCR_LVD_CFG_4V0;
                                           	MOVAI	0x1c
                                           	ORRA	_MCR
                                           ;	.line	107; "MC30P6280.c"	cur_lvd_state = LVD_LEV_4V0_SWITCHING;
                                           	MOVAI	0x03
                                           	MOVRA	_cur_lvd_state
                                           ;	.line	108; "MC30P6280.c"	break;
                                           	GOTO	_00128_DS_
                                           _00116_DS_
                                           ;	.line	110; "MC30P6280.c"	MCR &= ~MCR_LVD_CFG_ALL;
                                           	MOVAI	0xe1
                                           	ANDRA	_MCR
                                           ;	.line	111; "MC30P6280.c"	MCR |= MCR_LVD_CFG_3V6;
                                           	MOVAI	0x1a
                                           	ORRA	_MCR
                                           ;	.line	112; "MC30P6280.c"	cur_lvd_state = LVD_LEV_3V6_SWITCHING;
                                           	MOVAI	0x05
                                           	MOVRA	_cur_lvd_state
                                           ;	.line	113; "MC30P6280.c"	break;
                                           	GOTO	_00128_DS_
                                           _00117_DS_
                                           ;	.line	115; "MC30P6280.c"	MCR &= ~MCR_LVD_CFG_ALL;
                                           	MOVAI	0xe1
                                           	ANDRA	_MCR
                                           ;	.line	116; "MC30P6280.c"	MCR |= MCR_LVD_CFG_3V3;
                                           	MOVAI	0x18
                                           	ORRA	_MCR
                                           ;	.line	117; "MC30P6280.c"	cur_lvd_state = LVD_LEV_3V3_SWITCHING;
                                           	MOVAI	0x07
                                           	MOVRA	_cur_lvd_state
                                           ;	.line	118; "MC30P6280.c"	break;
                                           	GOTO	_00128_DS_
                                           _00118_DS_
                                           ;	.line	120; "MC30P6280.c"	MCR &= ~MCR_LVD_CFG_ALL;
                                           	MOVAI	0xe1
                                           	ANDRA	_MCR
                                           ;	.line	121; "MC30P6280.c"	MCR |= MCR_LVD_CFG_3V2;
                                           	MOVAI	0x16
                                           	ORRA	_MCR
                                           ;	.line	122; "MC30P6280.c"	cur_lvd_state = LVD_LEV_3V2_SWITCHING;
                                           	MOVAI	0x09
                                           	MOVRA	_cur_lvd_state
                                           ;	.line	123; "MC30P6280.c"	break;
                                           	GOTO	_00128_DS_
                                           _00119_DS_
                                           ;	.line	125; "MC30P6280.c"	MCR &= ~MCR_LVD_CFG_ALL;
                                           	MOVAI	0xe1
                                           	ANDRA	_MCR
                                           ;	.line	126; "MC30P6280.c"	MCR |= MCR_LVD_CFG_3V0;
                                           	MOVAI	0x14
                                           	ORRA	_MCR
                                           ;	.line	127; "MC30P6280.c"	cur_lvd_state = LVD_LEV_3V0_SWITCHING;
                                           	MOVAI	0x0b
                                           	MOVRA	_cur_lvd_state
                                           ;	.line	128; "MC30P6280.c"	break;
                                           	GOTO	_00128_DS_
                                           _00120_DS_
                                           ;	.line	130; "MC30P6280.c"	MCR &= ~MCR_LVD_CFG_ALL;
                                           	MOVAI	0xe1
                                           	ANDRA	_MCR
                                           ;	.line	131; "MC30P6280.c"	MCR |= MCR_LVD_CFG_2V9;
                                           	MOVAI	0x12
                                           	ORRA	_MCR
                                           ;	.line	132; "MC30P6280.c"	cur_lvd_state = LVD_LEV_2V9_SWITCHING;
                                           	MOVAI	0x0d
                                           	MOVRA	_cur_lvd_state
                                           ;	.line	133; "MC30P6280.c"	break;
                                           	GOTO	_00128_DS_
                                           _00121_DS_
                                           ;	.line	136; "MC30P6280.c"	cur_lvd_state = LVD_LEV_4V2;
                                           	MOVAI	0x02
                                           	MOVRA	_cur_lvd_state
                                           ;	.line	137; "MC30P6280.c"	cur_cmp_bat_lev = BAT_LEV_4V2;
                                           	MOVAI	0x06
                                           	MOVRA	_cur_cmp_bat_lev
                                           ;	.line	138; "MC30P6280.c"	break;
                                           	GOTO	_00128_DS_
                                           _00122_DS_
                                           ;	.line	140; "MC30P6280.c"	cur_lvd_state = LVD_LEV_4V0;
                                           	MOVAI	0x04
                                           	MOVRA	_cur_lvd_state
                                           ;	.line	141; "MC30P6280.c"	cur_cmp_bat_lev = BAT_LEV_4V0;
                                           	MOVAI	0x05
                                           	MOVRA	_cur_cmp_bat_lev
                                           ;	.line	142; "MC30P6280.c"	break;
                                           	GOTO	_00128_DS_
                                           _00123_DS_
                                           ;	.line	144; "MC30P6280.c"	cur_lvd_state = LVD_LEV_3V6;
                                           	MOVAI	0x06
                                           	MOVRA	_cur_lvd_state
                                           ;	.line	145; "MC30P6280.c"	cur_cmp_bat_lev = BAT_LEV_3V6;
                                           	MOVAI	0x04
                                           	MOVRA	_cur_cmp_bat_lev
                                           ;	.line	146; "MC30P6280.c"	break;
                                           	GOTO	_00128_DS_
                                           _00124_DS_
                                           ;	.line	148; "MC30P6280.c"	cur_lvd_state = LVD_LEV_3V3;
                                           	MOVAI	0x08
                                           	MOVRA	_cur_lvd_state
                                           ;	.line	149; "MC30P6280.c"	cur_cmp_bat_lev = BAT_LEV_3V3;
                                           	MOVAI	0x03
                                           	MOVRA	_cur_cmp_bat_lev
                                           ;	.line	150; "MC30P6280.c"	break;
                                           	GOTO	_00128_DS_
                                           _00125_DS_
                                           ;	.line	152; "MC30P6280.c"	cur_lvd_state = LVD_LEV_3V2;
                                           	MOVAI	0x0a
                                           	MOVRA	_cur_lvd_state
                                           ;	.line	153; "MC30P6280.c"	cur_cmp_bat_lev = BAT_LEV_3V2;
                                           	MOVAI	0x02
                                           	MOVRA	_cur_cmp_bat_lev
                                           ;	.line	154; "MC30P6280.c"	break;
                                           	GOTO	_00128_DS_
                                           _00126_DS_
                                           ;	.line	156; "MC30P6280.c"	cur_lvd_state = LVD_LEV_3V0;
                                           	MOVAI	0x0c
                                           	MOVRA	_cur_lvd_state
                                           ;	.line	157; "MC30P6280.c"	cur_cmp_bat_lev = BAT_LEV_3V0;
                                           	MOVAI	0x01
                                           	MOVRA	_cur_cmp_bat_lev
                                           ;	.line	158; "MC30P6280.c"	break;
                                           	GOTO	_00128_DS_
                                           _00127_DS_
                                           ;	.line	160; "MC30P6280.c"	cur_lvd_state = LVD_LEV_2V9;
                                           	MOVAI	0x0e
                                           	MOVRA	_cur_lvd_state
                                           ;	.line	161; "MC30P6280.c"	cur_cmp_bat_lev = BAT_LEV_2V9;
                                           	CLRR	_cur_cmp_bat_lev
                                           _00128_DS_
                                           ;	.line	165; "MC30P6280.c"	if (cur_lvd_state == LVD_LEV_4V2 || cur_lvd_state == LVD_LEV_4V0 ||
                                           	MOVAR	_cur_lvd_state
                                           	XORAI	0x02
                                           	JBSET	STATUS,2
                                           	GOTO	_00202_DS_
                                           	GOTO	_00142_DS_
                                           _00202_DS_
                                           	MOVAR	_cur_lvd_state
                                           	XORAI	0x04
                                           	JBSET	STATUS,2
                                           	GOTO	_00203_DS_
                                           	GOTO	_00142_DS_
                                           _00203_DS_
                                           ;	.line	166; "MC30P6280.c"	cur_lvd_state == LVD_LEV_3V6 || cur_lvd_state == LVD_LEV_3V3 ||
                                           	MOVAR	_cur_lvd_state
                                           	XORAI	0x06
                                           	JBSET	STATUS,2
                                           	GOTO	_00204_DS_
                                           	GOTO	_00142_DS_
                                           _00204_DS_
                                           	MOVAR	_cur_lvd_state
                                           	XORAI	0x08
                                           	JBSET	STATUS,2
                                           	GOTO	_00205_DS_
                                           	GOTO	_00142_DS_
                                           _00205_DS_
                                           ;	.line	167; "MC30P6280.c"	cur_lvd_state == LVD_LEV_3V2 || cur_lvd_state == LVD_LEV_3V0 ||
                                           	MOVAR	_cur_lvd_state
                                           	XORAI	0x0a
                                           	JBSET	STATUS,2
                                           	GOTO	_00206_DS_
                                           	GOTO	_00142_DS_
                                           _00206_DS_
                                           	MOVAR	_cur_lvd_state
                                           	XORAI	0x0c
                                           	JBSET	STATUS,2
                                           	GOTO	_00207_DS_
                                           	GOTO	_00142_DS_
                                           _00207_DS_
                                           ;	.line	168; "MC30P6280.c"	cur_lvd_state == LVD_LEV_2V9) {
                                           	MOVAR	_cur_lvd_state
                                           	XORAI	0x0e
                                           	JBSET	STATUS,2
                                           	GOTO	_00150_DS_
                                           _00142_DS_
                                           ;	.line	169; "MC30P6280.c"	if (LVDF) {
                                           	JBSET	_MCRbits,5
                                           	GOTO	_00140_DS_
                                           ;	.line	175; "MC30P6280.c"	if (tmp_bat_lev >= cur_cmp_bat_lev) {
                                           	MOVAR	_cur_cmp_bat_lev
                                           	RSUBAR	_tmp_bat_lev
                                           	JBSET	STATUS,0
                                           	GOTO	_00150_DS_
                                           ;;genSkipc:3291: created from rifx:013B5EFC
                                           ;	.line	177; "MC30P6280.c"	if (cur_cmp_bat_lev != BAT_LEV_2V9) {
                                           	MOVAI	0x00
                                           	ORAR	_cur_cmp_bat_lev
                                           	JBCLR	STATUS,2
                                           	GOTO	_00130_DS_
                                           ;	.line	178; "MC30P6280.c"	tmp_bat_lev -= 1;
                                           	MOVAR	_tmp_bat_lev
                                           	MOVRA	r0x1023
                                           	DECAR	r0x1023
                                           	MOVRA	_tmp_bat_lev
                                           	GOTO	_00150_DS_
                                           _00130_DS_
                                           ;	.line	180; "MC30P6280.c"	tmp_bat_lev = BAT_LEV_2V9;
                                           	CLRR	_tmp_bat_lev
                                           	GOTO	_00150_DS_
                                           _00140_DS_
                                           ;	.line	192; "MC30P6280.c"	if (tmp_bat_lev < cur_cmp_bat_lev) {
                                           	MOVAR	_cur_cmp_bat_lev
                                           	RSUBAR	_tmp_bat_lev
                                           	JBCLR	STATUS,0
                                           	GOTO	_00150_DS_
                                           ;;genSkipc:3291: created from rifx:013B5EFC
                                           ;	.line	194; "MC30P6280.c"	if (cur_cmp_bat_lev != BAT_LEV_4V2) {
                                           	MOVAR	_cur_cmp_bat_lev
                                           	XORAI	0x06
                                           	JBSET	STATUS,2
                                           	GOTO	_00210_DS_
                                           	GOTO	_00135_DS_
                                           _00210_DS_
                                           ;	.line	195; "MC30P6280.c"	tmp_bat_lev += 1;
                                           	MOVAR	_tmp_bat_lev
                                           	MOVRA	r0x1023
                                           	INCAR	r0x1023
                                           	MOVRA	_tmp_bat_lev
                                           	GOTO	_00150_DS_
                                           _00135_DS_
                                           ;	.line	197; "MC30P6280.c"	tmp_bat_lev = BAT_LEV_4V2;
                                           	MOVAI	0x06
                                           	MOVRA	_tmp_bat_lev
                                           _00150_DS_
                                           ;	.line	202; "MC30P6280.c"	}
                                           	RETURN	
                                           ; exit point of _lvd_scan
                                           
                                           ;***
                                           ;  pBlock Stats: dbName = C
                                           ;***
                                           ;entry:  _IO_Init	;Function start
                                           ; 2 exit points
                                           ;has an exit
                                           ;; Starting pCode block
                                           _IO_Init	;Function start
                                           ; 2 exit points
                                           ;	.line	81; "MC30P6280.c"	P1 = 0x00;    // 1:input 0:output
                                           	CLRR	_P1
                                           ;	.line	82; "MC30P6280.c"	DDR1 = 0x00;  // 1:input 0:output
                                           	CLRR	_DDR1
                                           ;	.line	83; "MC30P6280.c"	PUCON = 0xff; // 0:Effective 1:invalid
                                           	MOVAI	0xff
                                           	MOVRA	_PUCON
                                           ;	.line	84; "MC30P6280.c"	PDCON = 0xff; // 0:Effective 1:invalid
                                           	MOVAI	0xff
                                           	MOVRA	_PDCON
                                           ;	.line	85; "MC30P6280.c"	ODCON = 0x00; // 0:推挽输出  1:开漏输出
                                           	CLRR	_ODCON
                                           ;	.line	86; "MC30P6280.c"	}
                                           	RETURN	
                                           ; exit point of _IO_Init
                                           
                                           ;***
                                           ;  pBlock Stats: dbName = C
                                           ;***
                                           ;entry:  _C_RAM	;Function start
                                           ; 2 exit points
                                           ;has an exit
                                           ;; Starting pCode block
                                           _C_RAM	;Function start
                                           ; 2 exit points
                                           ;	.line	70; "MC30P6280.c"	__endasm;
                                           	;
                                           	movai	0x3F;
                                           	movra	FSR;
                                           	movai	47;
                                           	movra	0x3F;
                                           	decr	FSR;
                                           	clrr	INDF;
                                           	djzr	0x3F;
                                           	goto	$ - 3;
                                           	clrr	0x3F;
                                           	
                                           ;	.line	71; "MC30P6280.c"	}
                                           	RETURN	
                                           ; exit point of _C_RAM
                                           
                                           
                                           ;	code size estimation:
                                           ;	  644+    0 =   644 instructions ( 1288 byte)
                                           
                                           	end


MEMORY USAGE MAP ('X' = Used,  '-' = Unused)

0000 : XXXXXXXXXXXXXXXX XXXXXXXXXXXXXXXX XXXXXXXXXXXXXXXX XXXXXXXXXXXXXXXX
0040 : XXXXXXXXXXXXXXXX XXXXXXXXXXXXXXXX XXXXXXXXXXXXXXXX XXXXXXXXXXXXXXXX
0080 : XXXXXXXXXXXXXXXX XXXXXXXXXXXXXXXX XXXXXXXXXXXXXXXX XXXXXXXXXXXXXXXX
00C0 : XXXXXXXXXXXXXXXX XXXXXXXXXXXXXXXX XXXXXXXXXXXXXXXX XXXXXXXXXXXXXXXX
0100 : XXXXXXXXXXXXXXXX XXXXXXXXXXXXXXXX XXXXXXXXXXXXXXXX XXXXXXXXXXXXXXXX
0140 : XXXXXXXXXXXXXXXX XXXXXXXXXXXXXXXX XXXXXXXXXXXXXXXX XXXXXXXXXXXXXXXX
0180 : XXXXXXXXXXXXXXXX XXXXXXXXXXXXXXXX XXXXXXXXXXXXXXXX XXXXXXXXXXXXXXXX
01C0 : XXXXXXXXXXXXXXXX XXXXXXXXXXXXXXXX XXXXXXXXXXXXXXXX XXXXXXXXXXXXXXXX
0200 : XXXXXXXXXXXXXXXX XXXXXXXXXXXXXXXX XXXXXXXXXXXXXXXX XXXXXXXXXXXXXXXX
0240 : XXXXXXXXXXXXXXXX XXXXXXXXXXXXXXXX XXXXXXXXXXXXXXXX XXXXXXXXXXXXXXXX
0280 : XXXXXXXXXXXXXXXX XXXXXXXXXXXXXXXX XXXXXXXXXXXXXXXX XXXXXXXXXXXXXXXX
02C0 : XXXXXXXXXXXXXXXX XXXXXXXXXXXXXXXX XXXXXXXXXXXXXXXX XXXXXXXXXXXXXXXX
0300 : XXXXXXXXXXXXXXXX XXXXXXXXXXXXXXXX XXXXXXXXXXXXXXXX XXXXXXXXXXXXXXXX
0340 : XXXXXXXXXXXXXXXX XXXXXXXXXXXXXXXX XXXXXXXXXXXXXXXX XXXXXXXXXXXXXXXX
0380 : XXXXXXXXXXXXXXXX XXXXXXXXXXXXXXXX XXXXXXXXXXXXXXXX XXXXXXXXXXXXXXXX
03C0 : XXXXXXXXXXXXXXXX XXXXXXXXXXXXXXXX XXXXXXXXXXXXXXXX XXXXXXXXXXXXXXXX
0400 : XXXXXXXXXXXXXXXX XXXXXXXXXXXXXXXX XXXXXXXXXXXXXXXX XXXXXXXXXXXXXXXX
0440 : XXXXXXXXXXXXXXXX XXXXXXXXXXXXXXXX XXXXXXXXXXXXXXXX XXXXXXXXXXXXXXXX
0480 : XXXXXXXXXXXXXXXX XXXXXXXXXXXXXXXX XXXXXXXXXXXXXXXX XXXXXXXXXXXXXXXX
04C0 : XXXXXXXXXXXXXXXX XXXXXXXXXXXXXXXX XXXXXXXXXXXXXXXX XXXXXXXXXXXXXXXX
0500 : XXXXXXXXXXXXXXXX XXXXXXXXXXXXXXXX XXXXXXXXXXXXXXXX XXXXXXXXXXXXXXXX
0540 : XXXXXXXXXXXXXXXX XXXXXXXXXXXXXXXX XXXXXXXXXXXXXXXX XXXXXXXXXXXXXXXX
0580 : XXXXXXXXXXXXXXXX XXXXXXXXXXXXXXXX XXXXXXXXXXXXXXXX XXXXXXXXXXXXXXXX
05C0 : XXXXXXXXXXXXXXXX XXXXXXXXXXXXXXXX XXXXXXXXXXXXXXXX XXXXXXXXXXXXXXXX
0600 : XXXXXXXXXXXXXXXX XXXXXXXXXXXXXXXX XXXXXXXXXXXXXXXX XXXXXXXX--------

All other memory blocks unused.

Program Memory Words Used:   796

